iUGFXuxHNAA_00000.wav|Chào mừng tất cả các đạo hữu đã quay trở lại với kênh Bách Audio Vấn Đậu Tông.
iUGFXuxHNAA_00002.wav|Thì tiếp tục ngày hôm nay Bách xin gửi đến các đạo hữu tập 640 của bộ truyện
iUGFXuxHNAA_00003.wav|đến các đạo hữu tập 640 của bộ truyện dài kỳ Tần Lão Yêu Tinh. Thì như thường
iUGFXuxHNAA_00004.wav|dài kỳ Tần Lão Yêu Tinh. Thì như thường lệ bác xin nhắc sơ lại nội dung ở cuối
iUGFXuxHNAA_00005.wav|lệ bác xin nhắc sơ lại nội dung ở cuối tập trước một tí để cho các đạo hữu tiện
iUGFXuxHNAA_00007.wav|Ở cuối tập trước thì Tần Tang và La Lạc
iUGFXuxHNAA_00008.wav|Ở cuối tập trước thì Tần Tang và La Lạc Ma Quân đã phát hiện ra một cái chỗ là
iUGFXuxHNAA_00009.wav|Ma Quân đã phát hiện ra một cái chỗ là động thiên bí cảnh do địa cực ma cung
iUGFXuxHNAA_00010.wav|động thiên bí cảnh do địa cực ma cung mở. Thì đây là một cái đại phái rất là
iUGFXuxHNAA_00011.wav|mở. Thì đây là một cái đại phái rất là lớn mạnh. Trước khi là bắt phương ma vực
iUGFXuxHNAA_00012.wav|lớn mạnh. Trước khi là bắt phương ma vực bị thiên ma lưng hãm thì bọn họ là công
iUGFXuxHNAA_00013.wav|bị thiên ma lưng hãm thì bọn họ là công pháp tu luyện có liên quan tới thiên ma.
iUGFXuxHNAA_00014.wav|pháp tu luyện có liên quan tới thiên ma. Thì nơi này có liên quan tới một mạch là
iUGFXuxHNAA_00015.wav|Thì nơi này có liên quan tới một mạch là Đế Thiên Tử của Địa Cực Ma Cung. Bọn họ
iUGFXuxHNAA_00016.wav|Đế Thiên Tử của Địa Cực Ma Cung. Bọn họ tìm được Đế Hồng Ma Cấm thì đang tìm
iUGFXuxHNAA_00017.wav|Được Đế Hồng Ma Cấm thì đang tìm cách để mà tìm được cái cửa vào xem bên
iUGFXuxHNAA_00019.wav|trong cái tòa bí cảnh này rốt cuộc là cái giống gì. thì ngay lúc này chợt là
iUGFXuxHNAA_00021.wav|có một cái điều rất là kinh hãi, không biết là phát hiện ra cái gì. Có lẽ là
iUGFXuxHNAA_00022.wav|biết là phát hiện ra cái gì. Có lẽ là gặp thiên ma rồi. Rồi vậy thì cũng không
iUGFXuxHNAA_00023.wav|gặp thiên ma rồi. Rồi vậy thì cũng không vài vòng nữa. À chúng ta sẽ bắt đầu vào
iUGFXuxHNAA_00025.wav|với chương đầu tiên của tập ngày hôm nay. Chương 2675
iUGFXuxHNAA_00026.wav|Lục dục thiên ma. Kính mong các đạo hữu
iUGFXuxHNAA_00028.wav|nghe truyện nếu mà yêu thích mong rằng cho Bách xin một like, một đăng ký kênh
iUGFXuxHNAA_00029.wav|cho Bách xin một like, một đăng ký kênh cũng như là để lại một cái bình luận cho
iUGFXuxHNAA_00030.wav|cũng như là để lại một cái bình luận cho kênh chúng ta sâm tụ một tí.
iUGFXuxHNAA_00031.wav|kênh chúng ta sâm tụ một tí. Và dạo này thì bách đi làm rồi cho nên
iUGFXuxHNAA_00032.wav|Và dạo này thì bách đi làm rồi cho nên là một ngày đọc được là một vài chương
iUGFXuxHNAA_00034.wav|thôi rồi nhiều ngày thì mới được một tập. Cho nên là chuyện ra hơi chậm. Mong
iUGFXuxHNAA_00035.wav|tập. Cho nên là chuyện ra hơi chậm. Mong đặt các đạo hữu thông cảm cho Bách. Cảm
iUGFXuxHNAA_00036.wav|đặt các đạo hữu thông cảm cho Bách. Cảm ơn các đạo hữu rất nhiều. Và ngay sau
iUGFXuxHNAA_00037.wav|ơn các đạo hữu rất nhiều. Và ngay sau đây chúng ta bắt đầu vào truyện.
iUGFXuxHNAA_00038.wav|&gt;&gt; [âm nhạc] &gt;&gt; Cổ khí tức cường đại kia gào thét lướt
iUGFXuxHNAA_00039.wav|&gt;&gt; Cổ khí tức cường đại kia gào thét lướt qua, Tần Tang và La Lạc Ma quân từ cái
iUGFXuxHNAA_00040.wav|qua, Tần Tang và La Lạc Ma quân từ cái nơi ẩn thân cũng là bước ra ngoài.
iUGFXuxHNAA_00041.wav|nơi ẩn thân cũng là bước ra ngoài. Y lục dục thiên mà. La lạc ma quân chậm
iUGFXuxHNAA_00042.wav|Y lục dục thiên mà. La lạc ma quân chậm rãi thốt ra bốn chữ này. Khác với cái
iUGFXuxHNAA_00043.wav|rãi thốt ra bốn chữ này. Khác với cái loại thiên ma quyến thuộc như là Cự Hà
iUGFXuxHNAA_00044.wav|loại thiên ma quyến thuộc như là Cự Hà Ma Trùng, đây là một cái đầu lục dục
iUGFXuxHNAA_00045.wav|Ma Trùng, đây là một cái đầu lục dục thiên ma chân chính. May mắn là lôi thủ
iUGFXuxHNAA_00046.wav|thiên ma chân chính. May mắn là lôi thủ chiến vệ cũng không phải là lạc vào ma
iUGFXuxHNAA_00047.wav|chiến vệ cũng không phải là lạc vào ma quốc, đầu thiên ma này dường như chỉ là
iUGFXuxHNAA_00048.wav|quốc, đầu thiên ma này dường như chỉ là đi ngang qua, nhưng cũng có thể thấy rõ
iUGFXuxHNAA_00049.wav|đi ngang qua, nhưng cũng có thể thấy rõ ràng Bắc Phương Ma Vực nguy hiểm tới cái
iUGFXuxHNAA_00050.wav|ràng Bắc Phương Ma Vực nguy hiểm tới cái mức nào, mới đi được có bao lâu đã liên
iUGFXuxHNAA_00051.wav|mức nào, mới đi được có bao lâu đã liên tiếp gặp phải hai cái đầu ma trùng đẳng
iUGFXuxHNAA_00052.wav|tiếp gặp phải hai cái đầu ma trùng đẳng cấp ma quân cùng với một cái đầu lục dục
iUGFXuxHNAA_00053.wav|cấp ma quân cùng với một cái đầu lục dục thiên ma. Tiền lộ mênh mông, nguy cơ
iUGFXuxHNAA_00054.wav|thiên ma. Tiền lộ mênh mông, nguy cơ trùng trùng.
iUGFXuxHNAA_00055.wav|Đậu thiên ma này dường như rất là gấp
iUGFXuxHNAA_00057.wav|Tần Tan lên tiếng nói, "Thiên ma lấy lục
iUGFXuxHNAA_00058.wav|Tần Tan lên tiếng nói, "Thiên ma lấy lục dục trọc lưu mai nhiễm tu sĩ, vì vậy
iUGFXuxHNAA_00059.wav|dục trọc lưu mai nhiễm tu sĩ, vì vậy chúng khác với tu sĩ, hoàn toàn không hề
iUGFXuxHNAA_00060.wav|chúng khác với tu sĩ, hoàn toàn không hề thu liễm cảm xúc gì. Đầu Lục Dục Thiên
iUGFXuxHNAA_00061.wav|thu liễm cảm xúc gì. Đầu Lục Dục Thiên Ma này đem tâm trạng nóng nãy phơi bài
iUGFXuxHNAA_00062.wav|Ma này đem tâm trạng nóng nãy phơi bài ra ngoài, dù khoảng cách rất là xa, Tần
iUGFXuxHNAA_00063.wav|ra ngoài, dù khoảng cách rất là xa, Tần Tan và La Lạc Ma quân vẫn có thể cảm
iUGFXuxHNAA_00064.wav|Tan và La Lạc Ma quân vẫn có thể cảm nhận được rõ ràng."
iUGFXuxHNAA_00065.wav|nhận được rõ ràng." Tốt nhất là con mẹ tụi nó chỏ cẩn chó
iUGFXuxHNAA_00066.wav|Tốt nhất là con mẹ tụi nó chỏ cẩn chó đi. La Lạc Ma quân tràn đầy ác ý mà nói.
iUGFXuxHNAA_00067.wav|đi. La Lạc Ma quân tràn đầy ác ý mà nói. Tần ta nghe vậy mỉm cười, lời này thi
iUGFXuxHNAA_00068.wav|Tần ta nghe vậy mỉm cười, lời này thi thô mà lý chẳng sai. Thiên Ma nội đấu,
iUGFXuxHNAA_00069.wav|thô mà lý chẳng sai. Thiên Ma nội đấu, áp lực của hai người bọn họ liền là đại
iUGFXuxHNAA_00070.wav|áp lực của hai người bọn họ liền là đại giảm rồi. Sắc mặt hai người rất nhanh
iUGFXuxHNAA_00071.wav|giảm rồi. Sắc mặt hai người rất nhanh lại trở nên nghiêm túc. Nếu cái đầu lục
iUGFXuxHNAA_00072.wav|lại trở nên nghiêm túc. Nếu cái đầu lục dục thiên ma này từ phía trước mà tới,
iUGFXuxHNAA_00073.wav|dục thiên ma này từ phía trước mà tới, vậy ma sào của nó rất có thể cũng là ở
iUGFXuxHNAA_00074.wav|vậy ma sào của nó rất có thể cũng là ở phía trước rồi.
iUGFXuxHNAA_00075.wav|Sau khi thương nghị, hai người vẫn là
iUGFXuxHNAA_00076.wav|Sau khi thương nghị, hai người vẫn là quyết định tiếp tục tiến lên. Trước đó
iUGFXuxHNAA_00077.wav|quyết định tiếp tục tiến lên. Trước đó bọn họ dò xét đến Hồng Ma Cấm suy diễn
iUGFXuxHNAA_00079.wav|ra động thiên bí cảnh của Địa Cực Ma Cung nằm ở cái phương hướng này, đã hao
iUGFXuxHNAA_00080.wav|Cung nằm ở cái phương hướng này, đã hao phí biết bao nhiêu là tâm lực, lúc này
iUGFXuxHNAA_00081.wav|phí biết bao nhiêu là tâm lực, lúc này bỏ cuộc sao có thể căm lộ?
iUGFXuxHNAA_00082.wav|bỏ cuộc sao có thể căm lộ? Hai người một đường đi về phía đông, địa
iUGFXuxHNAA_00084.wav|thế không ngừng hạ thấp, khiến cho người ta có cảm giác nơi đây từng là đáy biển,
iUGFXuxHNAA_00086.wav|nhưng lại không thấy một chút bóng dáng của nước đâu. Linh mạch dưới lòng đất
iUGFXuxHNAA_00087.wav|của nước đâu. Linh mạch dưới lòng đất của thế giới này cũng đều bị ma khí sâm
iUGFXuxHNAA_00088.wav|của thế giới này cũng đều bị ma khí sâm nhiễm, khiến cho người ta nhìn mà kinh
iUGFXuxHNAA_00090.wav|Cảnh tượng nơi đây đơn điệu như một, chỉ
iUGFXuxHNAA_00091.wav|Cảnh tượng nơi đây đơn điệu như một, chỉ có thiên ma xuất hiện khắp nơi. Tần Tan
iUGFXuxHNAA_00092.wav|có thiên ma xuất hiện khắp nơi. Tần Tan từng muốn lục sót ký ức của Thiên Ma,
iUGFXuxHNAA_00093.wav|từng muốn lục sót ký ức của Thiên Ma, thử tìm kiếm một ít manh mối từ đó.
iUGFXuxHNAA_00095.wav|Nhưng bên trong ký ức của bọn chúng chỉ có hắc ám vô tận, thôn phệ và phản thôn
iUGFXuxHNAA_00096.wav|có hắc ám vô tận, thôn phệ và phản thôn phệ, giống như là đang ở bên trong một
iUGFXuxHNAA_00097.wav|phệ, giống như là đang ở bên trong một cái ma trì, chen chút giữa vô số đồng
iUGFXuxHNAA_00098.wav|cái ma trì, chen chút giữa vô số đồng loại dày đặc, bị bản năng thôi động.
iUGFXuxHNAA_00100.wav|Cách tìm kiếm như vậy hiệu sức quá là thấp, lại thêm vừa chạm trán lục dục
iUGFXuxHNAA_00104.wav|Theo suy đoán của bọn họ, không gian nơi
iUGFXuxHNAA_00105.wav|Theo suy đoán của bọn họ, không gian nơi động thiên bí cảnh kia, hắn đã gần tới
iUGFXuxHNAA_00106.wav|động thiên bí cảnh kia, hắn đã gần tới cực hạn, nên Đế Hồng Ma Cấm mới xé trách
iUGFXuxHNAA_00107.wav|cực hạn, nên Đế Hồng Ma Cấm mới xé trách hư không. Nếu động thiên bí cảnh đã là
iUGFXuxHNAA_00108.wav|hư không. Nếu động thiên bí cảnh đã là hiện thế, tự nhiên sẽ là dễ tìm hơn,
iUGFXuxHNAA_00109.wav|hiện thế, tự nhiên sẽ là dễ tìm hơn, nhưng cũng có khả năng thu hút thiên ma
iUGFXuxHNAA_00110.wav|nhưng cũng có khả năng thu hút thiên ma xung quanh kéo tới. Tốt nhất là động
iUGFXuxHNAA_00111.wav|xung quanh kéo tới. Tốt nhất là động thiên bí cảnh sắp sức mà chưa có sức,
iUGFXuxHNAA_00112.wav|thiên bí cảnh sắp sức mà chưa có sức, chưa bị thiên ma phát hiện, mà bọn họ
iUGFXuxHNAA_00113.wav|chưa bị thiên ma phát hiện, mà bọn họ lại luôn thôi động luyện ma căn bản chú,
iUGFXuxHNAA_00114.wav|lại luôn thôi động luyện ma căn bản chú, như vậy có thể sinh ra cảm ứng với Đế
iUGFXuxHNAA_00117.wav|Sau khi thách khỏi La Lạc Ma quân, Tần
iUGFXuxHNAA_00119.wav|Tan mang theo lôi thú chiến vệ chuyển hướng Đông Nam mà đi. Địa thế rõ ràng
iUGFXuxHNAA_00120.wav|hướng Đông Nam mà đi. Địa thế rõ ràng nghiêng dốc, hơn nữa độ dốc càng lúc
iUGFXuxHNAA_00121.wav|nghiêng dốc, hơn nữa độ dốc càng lúc càng lớn, giống như đang tiến về một cái
iUGFXuxHNAA_00122.wav|càng lớn, giống như đang tiến về một cái địa uyên. Trải qua thời gian dài tìm
iUGFXuxHNAA_00123.wav|địa uyên. Trải qua thời gian dài tìm kiếm, cho dù với tu vi của Tần Tang liên
iUGFXuxHNAA_00124.wav|kiếm, cho dù với tu vi của Tần Tang liên tục duy trì luyện ma căn bản chú, cũng
iUGFXuxHNAA_00125.wav|tục duy trì luyện ma căn bản chú, cũng cảm thấy dần dần mệt mỏi, nhưng vẫn là
iUGFXuxHNAA_00126.wav|cảm thấy dần dần mệt mỏi, nhưng vẫn là không thu hoạch được cái gì. Lúc này Tần
iUGFXuxHNAA_00127.wav|không thu hoạch được cái gì. Lúc này Tần Tang đem phần lớn tâm thần đặt vào bên
iUGFXuxHNAA_00128.wav|Tang đem phần lớn tâm thần đặt vào bên trong tu luyện, rèn luyện sát niệm, đồng
iUGFXuxHNAA_00129.wav|trong tu luyện, rèn luyện sát niệm, đồng thời mài dũa hai cái thanh sát kiếm. Đột
iUGFXuxHNAA_00130.wav|thời mài dũa hai cái thanh sát kiếm. Đột nhiên triền tính phù trong tay rung lên,
iUGFXuxHNAA_00132.wav|khiến cho Tần Tan giật mình tỉnh giất lại. Là tin tức từ La Lạc Ma quân truyền
iUGFXuxHNAA_00133.wav|lại. Là tin tức từ La Lạc Ma quân truyền tới, hắn dường như đã tìm được manh mối
iUGFXuxHNAA_00135.wav|Tần Tan đại hỷ lập tức chạy tới. Không
iUGFXuxHNAA_00136.wav|Tần Tan đại hỷ lập tức chạy tới. Không lâu sau, hai người hội hợp trước một cái
iUGFXuxHNAA_00137.wav|lâu sau, hai người hội hợp trước một cái khe vật. Kheo vực này cực sâu cực rộng,
iUGFXuxHNAA_00138.wav|khe vật. Kheo vực này cực sâu cực rộng, trước kia có thể là một cái rảnh biển,
iUGFXuxHNAA_00139.wav|trước kia có thể là một cái rảnh biển, nay đã không còn cảm nhận được nửa phần
iUGFXuxHNAA_00140.wav|nay đã không còn cảm nhận được nửa phần thủ khí.
iUGFXuxHNAA_00141.wav|Vừa rồi ta bay ngang phía trên, cảm nhận
iUGFXuxHNAA_00142.wav|Vừa rồi ta bay ngang phía trên, cảm nhận được một cái tia ba động mơ hồ. Ba động
iUGFXuxHNAA_00143.wav|được một cái tia ba động mơ hồ. Ba động này thoáng qua rồi biến mất, suýt nữa bị
iUGFXuxHNAA_00144.wav|này thoáng qua rồi biến mất, suýt nữa bị ta bỏ lỡ rồi. Sau đó ta lượn quanh khu
iUGFXuxHNAA_00145.wav|ta bỏ lỡ rồi. Sau đó ta lượn quanh khu vực này một lúc mới sáng nhận ba động
iUGFXuxHNAA_00146.wav|vực này một lúc mới sáng nhận ba động đến từ bên dưới, đi lúc có lúc không.
iUGFXuxHNAA_00148.wav|La Lạc Ma quân kể lại trải nghiệm vừa rồi, hắn không mạo hiểm đi xuống, mà đợi
iUGFXuxHNAA_00149.wav|rồi, hắn không mạo hiểm đi xuống, mà đợi Tần Tang hội hợp rồi mới cùng nhau tra
iUGFXuxHNAA_00150.wav|Tần Tang hội hợp rồi mới cùng nhau tra sét. Tiếp đó, hai người bố trí một cái
iUGFXuxHNAA_00151.wav|sét. Tiếp đó, hai người bố trí một cái tò đại trận ở phía trên khe vật, có thể
iUGFXuxHNAA_00152.wav|tò đại trận ở phía trên khe vật, có thể che giấu ba động bên trong, rồi một
iUGFXuxHNAA_00153.wav|che giấu ba động bên trong, rồi một trước một sau bắt đầu nhảy xuống. La Lạc
iUGFXuxHNAA_00154.wav|trước một sau bắt đầu nhảy xuống. La Lạc Ma quân chủ động sinh đi trước dò đường,
iUGFXuxHNAA_00155.wav|Ma quân chủ động sinh đi trước dò đường, Tần Tan thì ở phía sau yểm hậu. Lúc này
iUGFXuxHNAA_00157.wav|Tần Tan cũng cảm nhận được cái luồng ba động kia thì chưa thể xác định có phải
iUGFXuxHNAA_00159.wav|là Đế Hồng Ma Cấm hay không. Nhưng vì có thể sinh ra cảm ứng với liện
iUGFXuxHNAA_00160.wav|Nhưng vì có thể sinh ra cảm ứng với liện ma căn bản chú cũng đủ khiến cho hai
iUGFXuxHNAA_00161.wav|ma căn bản chú cũng đủ khiến cho hai người phấn chấn. Bọn họ rất nhanh đã tới
iUGFXuxHNAA_00163.wav|cái nơi sâu nhất của khe vật, nhưng điều ngoài dự liệu là không phát hiện ra cái
iUGFXuxHNAA_00164.wav|ngoài dự liệu là không phát hiện ra cái giống ôn dịch gì. Dưới chân đạp lên thực
iUGFXuxHNAA_00165.wav|giống ôn dịch gì. Dưới chân đạp lên thực địa là cái lớp nham thạch trơ trội cùng
iUGFXuxHNAA_00166.wav|địa là cái lớp nham thạch trơ trội cùng những cái mảnh sương vỡ vụng. Xung quanh
iUGFXuxHNAA_00167.wav|những cái mảnh sương vỡ vụng. Xung quanh có vài đầu thiên ma lãng vãng bị hai
iUGFXuxHNAA_00168.wav|có vài đầu thiên ma lãng vãng bị hai người bắt lại để mà tra sét thần hồn.
iUGFXuxHNAA_00169.wav|người bắt lại để mà tra sét thần hồn. Bà nội cha nhà nó cổ quái vậy. La Lạc Ma
iUGFXuxHNAA_00170.wav|Bà nội cha nhà nó cổ quái vậy. La Lạc Ma quân nhíu mày, rõ ràng bọn họ đã là cảm
iUGFXuxHNAA_00172.wav|nhận được ba động, nhưng lại vô cùng phiêu hốt, dường như là không ngừng di
iUGFXuxHNAA_00173.wav|phiêu hốt, dường như là không ngừng di chuyển, khó mà nắm bắt rầy.
iUGFXuxHNAA_00174.wav|chuyển, khó mà nắm bắt rầy. "Shin đạo hữu hộ pháp cho ta." La lạc ma
iUGFXuxHNAA_00176.wav|quân quyết định toàn lực thôi động luyện ma căn bản chú. nói xong liền khoanh
iUGFXuxHNAA_00177.wav|ma căn bản chú. nói xong liền khoanh chân ngồi xuống, ngay sau đó từ giữa mi
iUGFXuxHNAA_00178.wav|chân ngồi xuống, ngay sau đó từ giữa mi tâm bắn ra một cái đạo hắc mang, hóa
iUGFXuxHNAA_00180.wav|thành một cái đạo chú ấn màu đen thu thù lùi. Chú ấn xoay chuyển cực nhanh, càng
iUGFXuxHNAA_00181.wav|lùi. Chú ấn xoay chuyển cực nhanh, càng lúc càng lớn, cuối cùng to như là một
iUGFXuxHNAA_00182.wav|lúc càng lớn, cuối cùng to như là một cái tòa nhà. Từ bên trong cái đạo chú ấn
iUGFXuxHNAA_00183.wav|cái tòa nhà. Từ bên trong cái đạo chú ấn này truyền ra thanh âm chú văn kỳ dị.
iUGFXuxHNAA_00185.wav|Lực lượng chú ấn dao động theo thanh âm này, bao phủ không gian quanh hai người.
iUGFXuxHNAA_00186.wav|này, bao phủ không gian quanh hai người. Đúng lúc này, cái luồng ba động kia lại
iUGFXuxHNAA_00187.wav|Đúng lúc này, cái luồng ba động kia lại lần nữa xuất hiện. La Lạc Ma quân vốn là
iUGFXuxHNAA_00189.wav|vẫn chờ cái khoảnh khắc này, đột nhiên chú âm chấn động, cái đạo chú ấn kia
iUGFXuxHNAA_00191.wav|trong nháy mắt xuất hiện ngay tại cái nguồn ba động. Ầm! Hư không chấn động,
iUGFXuxHNAA_00193.wav|giữa chuỗ ấn hiện ra một cái vòng sấy màu đen, dường như là một cái luồng
iUGFXuxHNAA_00194.wav|màu đen, dường như là một cái luồng thông đậu, khí cơ quen thuộc từ bên
iUGFXuxHNAA_00195.wav|thông đậu, khí cơ quen thuộc từ bên trong vòng sáy tán mát ra ngoài, là đế
iUGFXuxHNAA_00196.wav|trong vòng sáy tán mát ra ngoài, là đế hồng ma cấm." Hai người đại hỷ cuối cùng
iUGFXuxHNAA_00199.wav|của bọn họ lại không thể xiên thấu vòng sấy, không biết bên trong rốt cuộc là
iUGFXuxHNAA_00200.wav|sấy, không biết bên trong rốt cuộc là cái giống gì, khiến cho bọn họ đều có
iUGFXuxHNAA_00201.wav|cái giống gì, khiến cho bọn họ đều có chút do dự. Chỉ trong nháy mắt, thông
iUGFXuxHNAA_00202.wav|chút do dự. Chỉ trong nháy mắt, thông đạo đã sắp sụp đổ.
iUGFXuxHNAA_00203.wav|đạo đã sắp sụp đổ. Liệu Mãn, nhào vô đi. Tần tan thần sắc
iUGFXuxHNAA_00204.wav|Liệu Mãn, nhào vô đi. Tần tan thần sắc trầm xuống, không còn chần chừ nữa, lập
iUGFXuxHNAA_00205.wav|trầm xuống, không còn chần chừ nữa, lập tức lé thân nhảy vào vòng sấy. La lạc ma
iUGFXuxHNAA_00206.wav|tức lé thân nhảy vào vòng sấy. La lạc ma quân theo sát phía sau. Vù vù, hai người
iUGFXuxHNAA_00207.wav|quân theo sát phía sau. Vù vù, hai người chỉ cảm thấy trước mắt hoa lên, liền
iUGFXuxHNAA_00209.wav|phát hiện dưới chân đã đứng trên một cái mặt đất bằng phẳn, xung quanh là một cái
iUGFXuxHNAA_00210.wav|mặt đất bằng phẳn, xung quanh là một cái mảnh tối đen thu thù lùi, trước mặt của
iUGFXuxHNAA_00211.wav|mảnh tối đen thu thù lùi, trước mặt của bọn họ lại là một cái cánh cự môn. Cánh
iUGFXuxHNAA_00214.wav|cho Tần Tan và La Lạc Ma quân một cái cảm giác vô cùng quen thuộc. Đây chẳng
iUGFXuxHNAA_00215.wav|cảm giác vô cùng quen thuộc. Đây chẳng phải là Quang Môn do Đế Hồng Ma Cấm hình
iUGFXuxHNAA_00216.wav|phải là Quang Môn do Đế Hồng Ma Cấm hình thành hay sao? Cánh quang môn màu đen
iUGFXuxHNAA_00217.wav|thành hay sao? Cánh quang môn màu đen thực chất do vô số sợi tơ ánh sáng đủ
iUGFXuxHNAA_00218.wav|thực chất do vô số sợi tơ ánh sáng đủ màu sắc hợp lại mà thành, nhưng khác với
iUGFXuxHNAA_00220.wav|những cái sợi ánh sáng trước kia từng thấy, lực lượng của những quan ti này ôn
iUGFXuxHNAA_00221.wav|thấy, lực lượng của những quan ti này ôn hòa hơn nhiều, đứng gần như vậy mà cũng
iUGFXuxHNAA_00222.wav|hòa hơn nhiều, đứng gần như vậy mà cũng không hề công kích bọn họ. Quan môn thì
iUGFXuxHNAA_00224.wav|đóng chặt, chặn lại đường đi của hai người. Không có gì bất ngờ, cánh quan
iUGFXuxHNAA_00225.wav|người. Không có gì bất ngờ, cánh quan môn này hắn chính là lối vào của động
iUGFXuxHNAA_00226.wav|môn này hắn chính là lối vào của động thiên bí cảnh. Quan môn vẫn còn nguyên
iUGFXuxHNAA_00227.wav|thiên bí cảnh. Quan môn vẫn còn nguyên vẹn, điều này có nghĩa là động thiên bí
iUGFXuxHNAA_00229.wav|cảnh này rất có thể đã may mắn thoát khỏi mai triều. chưa từng bị Thiên Ma
iUGFXuxHNAA_00230.wav|khỏi mai triều. chưa từng bị Thiên Ma phá hoại, đây không nghi ngờ gì chính là
iUGFXuxHNAA_00231.wav|phá hoại, đây không nghi ngờ gì chính là một cái tin tức tốt. Vấn đề hiện tại là
iUGFXuxHNAA_00232.wav|một cái tin tức tốt. Vấn đề hiện tại là làm sao để mà tiến vào? Cưỡng hành sông
iUGFXuxHNAA_00233.wav|làm sao để mà tiến vào? Cưỡng hành sông giàu hiển nhiên là không thể. Bọn họ vẫn
iUGFXuxHNAA_00234.wav|giàu hiển nhiên là không thể. Bọn họ vẫn còn ký ức sâu sắc về uy lực của Đế Hồng
iUGFXuxHNAA_00235.wav|còn ký ức sâu sắc về uy lực của Đế Hồng Ma Cấm, e rằng chỉ có thể từ từ lĩnh
iUGFXuxHNAA_00236.wav|Ma Cấm, e rằng chỉ có thể từ từ lĩnh ngộ. May mắn là cái bọn họ không thiếu
iUGFXuxHNAA_00237.wav|ngộ. May mắn là cái bọn họ không thiếu chính là thời gian. Vẫn lấy luyện ma căn
iUGFXuxHNAA_00238.wav|chính là thời gian. Vẫn lấy luyện ma căn mãn chú làm dẫn, La Lạc Ma quân lần nữa
iUGFXuxHNAA_00239.wav|mãn chú làm dẫn, La Lạc Ma quân lần nữa triệu hồi chú ấn, cẩn thận điều khiển nó
iUGFXuxHNAA_00240.wav|triệu hồi chú ấn, cẩn thận điều khiển nó tiến gần quan môn. vốn chỉ định là thử
iUGFXuxHNAA_00241.wav|tiến gần quan môn. vốn chỉ định là thử dò sát, không ngờ chú Ấn vừa chạm vào
iUGFXuxHNAA_00242.wav|dò sát, không ngờ chú Ấn vừa chạm vào Quang Môn, Quang Môn đột nhiên bộc phát
iUGFXuxHNAA_00243.wav|Quang Môn, Quang Môn đột nhiên bộc phát ra hắc quang dày đặt, trong chớp mắt đã
iUGFXuxHNAA_00244.wav|ra hắc quang dày đặt, trong chớp mắt đã thôn phải chú ấn. Tần Tan và La Lạc Ma
iUGFXuxHNAA_00245.wav|thôn phải chú ấn. Tần Tan và La Lạc Ma quân trở tay không kịp, cũng bị hút vào
iUGFXuxHNAA_00246.wav|quân trở tay không kịp, cũng bị hút vào cùng lúc đó, ai ngờ lại đơn giản tới như
iUGFXuxHNAA_00247.wav|cùng lúc đó, ai ngờ lại đơn giản tới như vậy, trái lại giống như động thiên bí
iUGFXuxHNAA_00248.wav|vậy, trái lại giống như động thiên bí cảnh này chủ động mời bọn họ nhập chủ.
iUGFXuxHNAA_00249.wav|cảnh này chủ động mời bọn họ nhập chủ. Ngay sau đó, hai người đã xuất hiện bên
iUGFXuxHNAA_00250.wav|Ngay sau đó, hai người đã xuất hiện bên trong Đế Hồng Ma Cấm, đập vào mắt lại là
iUGFXuxHNAA_00251.wav|trong Đế Hồng Ma Cấm, đập vào mắt lại là một cái cảnh tượng tan hoang, khiến cho
iUGFXuxHNAA_00252.wav|một cái cảnh tượng tan hoang, khiến cho trong lòng của bọn họ trầm xuống.
iUGFXuxHNAA_00253.wav|trong lòng của bọn họ trầm xuống. Trước mắt bọn họ là một cái tòa cự sơn
iUGFXuxHNAA_00254.wav|Trước mắt bọn họ là một cái tòa cự sơn bị hắc ám bao quanh. Sau khi tiến vào,
iUGFXuxHNAA_00255.wav|bị hắc ám bao quanh. Sau khi tiến vào, bọn họ liền xuất hiện ở chân núi. Ngọn
iUGFXuxHNAA_00257.wav|núi này không khác gì ma vực ở bên ngoài, không cảm nhận được nửa Phật sinh
iUGFXuxHNAA_00260.wav|Ở phía trước của bọn họ cách chừng 10 trượng là một cái ao cạn khô, chung
iUGFXuxHNAA_00261.wav|trượng là một cái ao cạn khô, chung quanh ao là những tàn tích kiến trúc, mơ
iUGFXuxHNAA_00263.wav|hồ vẫn có thể thấy được vài cái phần cảnh tượng hơn thịnh năm xưa. Giữa đóng
iUGFXuxHNAA_00264.wav|cảnh tượng hơn thịnh năm xưa. Giữa đóng phế tích này, ma ảnh trùng trùng điệp
iUGFXuxHNAA_00265.wav|phế tích này, ma ảnh trùng trùng điệp điệp, đột nhiên toàn bộ Thiên Ma đồng
iUGFXuxHNAA_00266.wav|điệp, đột nhiên toàn bộ Thiên Ma đồng loạt nhìn về phía này. Tần Tan và La Lạc
iUGFXuxHNAA_00267.wav|loạt nhìn về phía này. Tần Tan và La Lạc Ma quân vừa xuyên qua quang môn, chưa
iUGFXuxHNAA_00268.wav|Ma quân vừa xuyên qua quang môn, chưa kịp ấn tàn đã bị bại lộ trước bầy thiên
iUGFXuxHNAA_00269.wav|kịp ấn tàn đã bị bại lộ trước bầy thiên ma rồi.
iUGFXuxHNAA_00271.wav|Dù đối mặt với cường giả đẳng cấp ma quân, những thiên ma này vẫn không hề sợ
iUGFXuxHNAA_00272.wav|quân, những thiên ma này vẫn không hề sợ hãi, phát ra tiếng rít chói tay điên
iUGFXuxHNAA_00273.wav|hãi, phát ra tiếng rít chói tay điên cuồng xông về phía hai người. Trong chớp
iUGFXuxHNAA_00274.wav|cuồng xông về phía hai người. Trong chớp mắt, phương thiên địa này càng trở nên u
iUGFXuxHNAA_00275.wav|mắt, phương thiên địa này càng trở nên u ám, vô số thiên ma hội tụ thành dòng lũ,
iUGFXuxHNAA_00276.wav|ám, vô số thiên ma hội tụ thành dòng lũ, gào thét mạp tới. Động thiên bí cảnh này
iUGFXuxHNAA_00277.wav|gào thét mạp tới. Động thiên bí cảnh này hóa ra từ lâu đã trở thành ma sầu, nhưng
iUGFXuxHNAA_00278.wav|hóa ra từ lâu đã trở thành ma sầu, nhưng vì sao đế hồng ma cấm ở lới vào lại hoàn
iUGFXuxHNAA_00279.wav|vì sao đế hồng ma cấm ở lới vào lại hoàn toàn không bị tổn hại?
iUGFXuxHNAA_00281.wav|Tình huống bên trong vượt sa dự liệu của Tần Tan và La Lạc Ma quân, phản ứng đầu
iUGFXuxHNAA_00283.wav|tiên của hai người bọn họ không phải là tru sát cái đám thiên ma này, mà là giọt
iUGFXuxHNAA_00284.wav|tru sát cái đám thiên ma này, mà là giọt lẹ. Nơi này tụ tập quá nhiều thiên ma,
iUGFXuxHNAA_00287.wav|Không ngờ khi bọn họ muốn lui ra lại
iUGFXuxHNAA_00288.wav|Không ngờ khi bọn họ muốn lui ra lại phát hiện đường lui đã là bị chặt đứt,
iUGFXuxHNAA_00289.wav|phát hiện đường lui đã là bị chặt đứt, cánh quan môn kia đã biến mất từ lâu.
iUGFXuxHNAA_00290.wav|cánh quan môn kia đã biến mất từ lâu. Tình huống này quá mức quỷ dị, giống như
iUGFXuxHNAA_00291.wav|Tình huống này quá mức quỷ dị, giống như là Thiên Ma cố ý thả bộ họ vào, muốn bắt
iUGFXuxHNAA_00292.wav|là Thiên Ma cố ý thả bộ họ vào, muốn bắt ba trong hữu. Nhưng Đế Hồng Ma Cấm vốn
iUGFXuxHNAA_00294.wav|là một trong những ma cấm khắc chế thiên ma mạnh nhất của Địa Cực Ma Cung, Thiên
iUGFXuxHNAA_00295.wav|ma mạnh nhất của Địa Cực Ma Cung, Thiên Ma không thể nào khống chế được Đế Hồng
iUGFXuxHNAA_00297.wav|Trong chớp mắt, dòng ma triều đã là áp
iUGFXuxHNAA_00298.wav|Trong chớp mắt, dòng ma triều đã là áp sát, ngay sau đó, một cái mãng hắc ám
iUGFXuxHNAA_00299.wav|sát, ngay sau đó, một cái mãng hắc ám lan tràn ra trước mặt bọn họ, va chạm
iUGFXuxHNAA_00300.wav|lan tràn ra trước mặt bọn họ, va chạm với dòng lũ thiên ma màu đen.
iUGFXuxHNAA_00302.wav|Lôi thú chiến vệ chắng trước hai người tần tan, lôi đình chi lực phân hóa vạn
iUGFXuxHNAA_00303.wav|tần tan, lôi đình chi lực phân hóa vạn ngàn, thẩm thấu vào bên trong cái dòng
iUGFXuxHNAA_00304.wav|ngàn, thẩm thấu vào bên trong cái dòng ma triều, trong khoảnh khắc đã sát
iUGFXuxHNAA_00305.wav|ma triều, trong khoảnh khắc đã sát thương vô số thiên ma.
iUGFXuxHNAA_00306.wav|thương vô số thiên ma. Dòng ma triều nhìn như là kinh người,
iUGFXuxHNAA_00308.wav|nhưng thật chất đều là một cái đám ngũ ẩn âm ma lực sát thương có hạn. Thử
iUGFXuxHNAA_00310.wav|khiến cho Tần Tam và La Lạc Ma quân tâm thần chấn động, chính là khí tức theo
iUGFXuxHNAA_00311.wav|thần chấn động, chính là khí tức theo sau cái dòng ma triều này.
iUGFXuxHNAA_00312.wav|sau cái dòng ma triều này. Mã ơi Lục Dục Thiên Mã La Lạc Ma Vương
iUGFXuxHNAA_00313.wav|Mã ơi Lục Dục Thiên Mã La Lạc Ma Vương sắc mặt đại biến, chỉ trong thời gian
iUGFXuxHNAA_00314.wav|sắc mặt đại biến, chỉ trong thời gian ngắn bọn họ lại gặp thêm một cái đầu lục
iUGFXuxHNAA_00315.wav|ngắn bọn họ lại gặp thêm một cái đầu lục dục thiên ma, nơi này quả nhiên đã biến
iUGFXuxHNAA_00316.wav|dục thiên ma, nơi này quả nhiên đã biến thành ma sầu. Ngay sau đó, Tần Tang và
iUGFXuxHNAA_00318.wav|La Lạc Ma quân đều nhìn thấy trên không trung phía đỉnh núi xuất hiện một cái
iUGFXuxHNAA_00319.wav|trung phía đỉnh núi xuất hiện một cái đoạn âm ảnh thăm trầm, nhanh chóng lan
iUGFXuxHNAA_00320.wav|đoạn âm ảnh thăm trầm, nhanh chóng lan tràng về phía bọn họ, ma uy cuồn cuộn.
iUGFXuxHNAA_00321.wav|tràng về phía bọn họ, ma uy cuồn cuộn. Theo ma ý kéo tới, còn có ác niệm và
iUGFXuxHNAA_00322.wav|Theo ma ý kéo tới, còn có ác niệm và tham niệm mãnh liệt, đối với Lục Dục
iUGFXuxHNAA_00323.wav|tham niệm mãnh liệt, đối với Lục Dục Thiên Ma, hai tu sĩ hợp thể kỳ như là
iUGFXuxHNAA_00324.wav|Thiên Ma, hai tu sĩ hợp thể kỳ như là bọn họ chính là mỹ vị ngon nhất rồi. Tần
iUGFXuxHNAA_00326.wav|Tan và La Lạc Ma quân kinh nghi bất định, nhưng vẫn giữ được bình tĩnh. Khí
iUGFXuxHNAA_00328.wav|tức của cái đầu lục dục thiên ma này yếu hơn cái đầu trước đó, hẳn chỉ là ở hợp
iUGFXuxHNAA_00329.wav|hơn cái đầu trước đó, hẳn chỉ là ở hợp thể trung kỳ, hai người vẫn có thể ứng
iUGFXuxHNAA_00330.wav|thể trung kỳ, hai người vẫn có thể ứng phó được, nhưng chỉ sợ nơi này không chỉ
iUGFXuxHNAA_00331.wav|phó được, nhưng chỉ sợ nơi này không chỉ có một đầu lục dục thiên ma. Quay điểm
iUGFXuxHNAA_00334.wav|tần tăng lập tức tới sức ra Thái Âm linh kiếm, kiếm vực triển khai chân thân độn
iUGFXuxHNAA_00335.wav|kiếm, kiếm vực triển khai chân thân độn nhập vào bên trong tinh hải, kiếm tinh
iUGFXuxHNAA_00336.wav|nhập vào bên trong tinh hải, kiếm tinh dần dần dâng lên, phía dưới là một cái
iUGFXuxHNAA_00337.wav|dần dần dâng lên, phía dưới là một cái mảnh thanh quang lang tràng thanh đằng
iUGFXuxHNAA_00338.wav|mảnh thanh quang lang tràng thanh đằng sinh trưởng điên cuồng. Đồng hành đã
iUGFXuxHNAA_00339.wav|sinh trưởng điên cuồng. Đồng hành đã lâu, Tần Tang và La Lạc Ma quân đã sớm
iUGFXuxHNAA_00340.wav|lâu, Tần Tang và La Lạc Ma quân đã sớm có ăn ý, lúc này liên thủ nghênh địch
iUGFXuxHNAA_00341.wav|có ăn ý, lúc này liên thủ nghênh địch trật tự rõ ràng. Hai người giải khai
iUGFXuxHNAA_00342.wav|trật tự rõ ràng. Hai người giải khai pháp vật, nghiêm trận chờ đợi. Điều
iUGFXuxHNAA_00345.wav|lúc này chỉ xuất hiện một cái đầu lục dục thiên ma, chưa rơi vào cái loại tình
iUGFXuxHNAA_00347.wav|Răng rắc! Đúng lúc này, đột nhiên một
iUGFXuxHNAA_00348.wav|Răng rắc! Đúng lúc này, đột nhiên một cái tiếng sét nổ giữa trời quang, như là
iUGFXuxHNAA_00350.wav|một cái đạo thiên lôi, tiếng sấm vang dọi. Tần Tan và La Lạc Ma quân kinh
iUGFXuxHNAA_00351.wav|dọi. Tần Tan và La Lạc Ma quân kinh ngạc, nhìn thấy trên không trung bỗng
iUGFXuxHNAA_00353.wav|nhiên xuất hiện một cái đạo hắt sắc lôi điện đánh trúng cái đoàn âm ảnh kia.
iUGFXuxHNAA_00354.wav|điện đánh trúng cái đoàn âm ảnh kia. Âm ảnh như là bị điện vật, lập tức co
iUGFXuxHNAA_00355.wav|Âm ảnh như là bị điện vật, lập tức co rục lại, tiếng ma khiếu biến thành cái
iUGFXuxHNAA_00356.wav|rục lại, tiếng ma khiếu biến thành cái tiếng gào thét sắc nhọn. Ác niệm và tham
iUGFXuxHNAA_00357.wav|tiếng gào thét sắc nhọn. Ác niệm và tham dục đều hóa thành phẫn nộ, không nhằm
iUGFXuxHNAA_00358.wav|dục đều hóa thành phẫn nộ, không nhằm vào bọn họ mà dường như đang nguyền rủa
iUGFXuxHNAA_00359.wav|vào bọn họ mà dường như đang nguyền rủa trời cao. Một màng này khiến Tần Tan và
iUGFXuxHNAA_00360.wav|trời cao. Một màng này khiến Tần Tan và La Lạc Ma quân không khỏi sững sờ. Uy
iUGFXuxHNAA_00361.wav|La Lạc Ma quân không khỏi sững sờ. Uy năng của Đế Hồng Ma Cấm vẫn tại, rõ ràng
iUGFXuxHNAA_00362.wav|năng của Đế Hồng Ma Cấm vẫn tại, rõ ràng chưa bị Thiên Ma khống chế. Hai người
iUGFXuxHNAA_00364.wav|vận chuyển linh mục thần thông quan sát Bát Phương Lục Hợp, phát hiện Đế Hồng Ma
iUGFXuxHNAA_00365.wav|Bát Phương Lục Hợp, phát hiện Đế Hồng Ma cấm che phủ thiên khung. Vừa rồi cái đầu
iUGFXuxHNAA_00366.wav|cấm che phủ thiên khung. Vừa rồi cái đầu thiên ma kia đắc ý quên hình bay quá
iUGFXuxHNAA_00367.wav|thiên ma kia đắc ý quên hình bay quá cao, chạm vào ma cắm nên bị đánh cho bị
iUGFXuxHNAA_00368.wav|cao, chạm vào ma cắm nên bị đánh cho bị thương.
iUGFXuxHNAA_00369.wav|Nơi này không giống ma sạo, trái lại là
iUGFXuxHNAA_00370.wav|Nơi này không giống ma sạo, trái lại là giống như là một cái tò lòng dâm.
iUGFXuxHNAA_00371.wav|giống như là một cái tò lòng dâm. La lạc ma quân kinh ngạc nói. Tần Tan
iUGFXuxHNAA_00372.wav|La lạc ma quân kinh ngạc nói. Tần Tan gật đầu tán đồng, quả thật là như vậy.
iUGFXuxHNAA_00373.wav|gật đầu tán đồng, quả thật là như vậy. Nếu là ma sầu, thiên ma hẳn đã phá hủy
iUGFXuxHNAA_00374.wav|Nếu là ma sầu, thiên ma hẳn đã phá hủy sạch sẽ đế hồng ma cấm nơi này từ lâu.
iUGFXuxHNAA_00375.wav|sạch sẽ đế hồng ma cấm nơi này từ lâu. Năm xưa, ma triều quét ngang ma giới,
iUGFXuxHNAA_00377.wav|địa cực ma cung là cái nơi chịu ảnh hưởng đầu tiên. tuy cuối cùng bị diệt
iUGFXuxHNAA_00378.wav|hưởng đầu tiên. tuy cuối cùng bị diệt môn, nhưng cường giả của Địa Cực Ma Cung
iUGFXuxHNAA_00379.wav|môn, nhưng cường giả của Địa Cực Ma Cung cũng đã tru sát vô số thiên ma. Có lẽ
iUGFXuxHNAA_00381.wav|khi động thiên bí cảnh này bị ma triều công kích, địa cực ma cung đã dùng đế
iUGFXuxHNAA_00382.wav|công kích, địa cực ma cung đã dùng đế hồng ma cấm dựng nên một cái tò lao ngục
iUGFXuxHNAA_00383.wav|hồng ma cấm dựng nên một cái tò lao ngục giam giữ những thiên ma này ở đây. Nhưng
iUGFXuxHNAA_00385.wav|thiên ma xâm nhập giới này đã là cái chuyện từ bao lâu trước rồi? Những thiên
iUGFXuxHNAA_00386.wav|chuyện từ bao lâu trước rồi? Những thiên ma này vậy mà vẫn có thể sống lâu tới
iUGFXuxHNAA_00387.wav|ma này vậy mà vẫn có thể sống lâu tới như thế a. Điều này hiển nhiên là không
iUGFXuxHNAA_00389.wav|hợp lẽ thường, chân tướng chắc chắn không đơn giản như vậy. Ta lúc này Tần
iUGFXuxHNAA_00391.wav|Tan và La Lạc Ma quân không kịp suy nghĩ sâu xa bởi cái đoàn âm ảnh kia, sau khi
iUGFXuxHNAA_00393.wav|bị Đế Hồng Ma cấm đánh lui, lại lần nữa cuộn trào trở lại. Nếu đã không thể lui,
iUGFXuxHNAA_00395.wav|chỉ có thể liên thủ đối phó cái đầu lục dục thiên ma này trước, rồi mới cha xét
iUGFXuxHNAA_00396.wav|dục thiên ma này trước, rồi mới cha xét chân tướng nội tình. Nếu nơi đây là một
iUGFXuxHNAA_00397.wav|chân tướng nội tình. Nếu nơi đây là một cái tò lao ngục, vậy bọn họ không cần
iUGFXuxHNAA_00398.wav|cái tò lao ngục, vậy bọn họ không cần khiên về ma tôn, có thể toàn lực sức thủ
iUGFXuxHNAA_00400.wav|Ma uy cuốn khắp thiên địa, tầ tan sai
iUGFXuxHNAA_00402.wav|khiến lôi thú chiến vệ thanh trừ ma triều thiên ma. Cùng La Lạc Ma quân
iUGFXuxHNAA_00403.wav|triều thiên ma. Cùng La Lạc Ma quân nghiêm trận chờ đợi, liền thấy âm ảnh là
iUGFXuxHNAA_00405.wav|khắp Thiên Khung, rồi bất ngờ từ bên trong ông Ảnh bước ra một cái tên bạch
iUGFXuxHNAA_00406.wav|trong ông Ảnh bước ra một cái tên bạch bào tu sĩ.
iUGFXuxHNAA_00407.wav|Người này tướng mạo đường, không thần
iUGFXuxHNAA_00408.wav|Người này tướng mạo đường, không thần tứng giật, khuôn mặt hơi gầy, trong tay
iUGFXuxHNAA_00409.wav|tứng giật, khuôn mặt hơi gầy, trong tay nắm lấy một cái thanh linh kiếm, kiếm
iUGFXuxHNAA_00410.wav|nắm lấy một cái thanh linh kiếm, kiếm chưa sức ra khỏi võ, trên tu kiếm treo
iUGFXuxHNAA_00411.wav|chưa sức ra khỏi võ, trên tu kiếm treo một cái khối ngọc bội tròn. Nhìn thấy
iUGFXuxHNAA_00412.wav|một cái khối ngọc bội tròn. Nhìn thấy khối ngọc bội này, La Lạc Ma quân khẽ
iUGFXuxHNAA_00414.wav|"Là kỳ chủ lệnh của địa cực ma cúng.
iUGFXuxHNAA_00415.wav|"Là kỳ chủ lệnh của địa cực ma cúng. Thời kỳ cực thịnh, kỳ chủ của địa cực ma
iUGFXuxHNAA_00416.wav|Thời kỳ cực thịnh, kỳ chủ của địa cực ma cung đều do tu sĩ hợp thể kỳ đảm nhiệm,
iUGFXuxHNAA_00417.wav|cung đều do tu sĩ hợp thể kỳ đảm nhiệm, thân phận người này đã rõ rành rành. Bề
iUGFXuxHNAA_00419.wav|ngoài người này trông vẫn bình thường, nhưng trong đôi mắt lại là ma nhãn đen
iUGFXuxHNAA_00420.wav|nhưng trong đôi mắt lại là ma nhãn đen kịch, tỏ ra ác niệm nồng đậm. Chẳng lẽ
iUGFXuxHNAA_00421.wav|kịch, tỏ ra ác niệm nồng đậm. Chẳng lẽ là một cái vị kỳ chủ của địa cực ma cung
iUGFXuxHNAA_00422.wav|là một cái vị kỳ chủ của địa cực ma cung đã bị thiên ma nhiễm rồi?"
iUGFXuxHNAA_00423.wav|đã bị thiên ma nhiễm rồi?" Nhưng vẫn là vấn đề đó, tu sĩ Hợp Thể Kỳ
iUGFXuxHNAA_00425.wav|luôn có thiên kiếp như là lưỡi kiếm treo cao trên cổ, e rằng rất khó có thể sống
iUGFXuxHNAA_00426.wav|cao trên cổ, e rằng rất khó có thể sống lâu tới như vậy. Trong thoáng chốc, Tần
iUGFXuxHNAA_00428.wav|Tang và La Lạc Ma quân đều sinh ra dự cảm nguy hiểm mãnh liệt. Ngay sau đó,
iUGFXuxHNAA_00429.wav|cảm nguy hiểm mãnh liệt. Ngay sau đó, trên thân của cái vị bạch bào tu sĩ xuất
iUGFXuxHNAA_00430.wav|trên thân của cái vị bạch bào tu sĩ xuất hiện cảnh tượng cực kỳ là kinh hãi, thi
iUGFXuxHNAA_00431.wav|hiện cảnh tượng cực kỳ là kinh hãi, thi người thiếu gốm. Huyết nhục của hắn
iUGFXuxHNAA_00433.wav|trong nháy mắt khô quát, ngũ quang lỗm sâu, tóc dài héo úa, biến thành một cái
iUGFXuxHNAA_00434.wav|sâu, tóc dài héo úa, biến thành một cái bộ sương khoát da ngời. Hắn há ra cái
iUGFXuxHNAA_00436.wav|miệng rỗng tết, lộ ra chiếc lưỡi khô quát, phát ra một cái tiếng rít chói tay
iUGFXuxHNAA_00437.wav|quát, phát ra một cái tiếng rít chói tay về phía hai người Tần Tang. Tiếng ma
iUGFXuxHNAA_00438.wav|về phía hai người Tần Tang. Tiếng ma khiếu vang lên, bộ sương đã mục nát kia
iUGFXuxHNAA_00439.wav|khiếu vang lên, bộ sương đã mục nát kia hóa thành các bụi, trong khoảnh khắc
iUGFXuxHNAA_00441.wav|dường như có một cái đạo ma ảnh lóe lên rồi biến mất không thấy đâu. Ầm!
iUGFXuxHNAA_00442.wav|rồi biến mất không thấy đâu. Ầm! Ma uy lúc này hóa thành cuồng phong hữu
iUGFXuxHNAA_00443.wav|Ma uy lúc này hóa thành cuồng phong hữu hình cuốn tới. Khi cuồng phong ập tới,
iUGFXuxHNAA_00445.wav|pháp vật của hai người lại không thể ngăn cản nổi cái sự xâm nhập của nó. Ở
iUGFXuxHNAA_00447.wav|bên trong kiếm vực, tinh quang lai động, kiếm tinh rung chuyển, dưới tinh không
iUGFXuxHNAA_00448.wav|kiếm tinh rung chuyển, dưới tinh không lối quang chớp động, thanh đằng bị cuồng
iUGFXuxHNAA_00449.wav|lối quang chớp động, thanh đằng bị cuồng phong thổi công, dập dền như sống. Ngay
iUGFXuxHNAA_00452.wav|đồng thời xuất hiện cảnh tượng cực kỳ là đáng sợ, khiến cho người ta tê dạy cả da
iUGFXuxHNAA_00454.wav|Trên đến cũ Tiêu Tinh Hải, dưới đến rừng
iUGFXuxHNAA_00456.wav|Thanh Đằng, thậm chí là ngoài pháp vựt của hai người, bỗng nhiên trở nên mờ ảo,
iUGFXuxHNAA_00457.wav|của hai người, bỗng nhiên trở nên mờ ảo, trong nháy mắt hiện ra vô số ma ảnh.
iUGFXuxHNAA_00459.wav|Những ma ảnh này thoạt nhìn giống như là hình người, nhưng mà thân thể lại như
iUGFXuxHNAA_00461.wav|một cái đoàn khối tụ thành, không thấy rõ ngũ quang, thân ảnh phiêu hốt bất
iUGFXuxHNAA_00462.wav|rõ ngũ quang, thân ảnh phiêu hốt bất định, tụ tán tỳ tâm. Ầm! [hắng giọng]
iUGFXuxHNAA_00464.wav|lại có một cái đạo lôi đình giáng lâm, vô số ma ảnh bị Đế Hồng Ma cấm chém
iUGFXuxHNAA_00465.wav|vô số ma ảnh bị Đế Hồng Ma cấm chém diệt. Đầu Lục Dục Thiên Ma này dường như
iUGFXuxHNAA_00466.wav|diệt. Đầu Lục Dục Thiên Ma này dường như là không cam lòng, nhưng uy năng của Đế
iUGFXuxHNAA_00468.wav|Hồng Ma Cấm khiến cho nó không dám vượt qua Lôi Trì nửa bước, vì vậy nó càng
iUGFXuxHNAA_00469.wav|qua Lôi Trì nửa bước, vì vậy nó càng thêm phẫn nộ, đem lửa giận chuyển sang
iUGFXuxHNAA_00470.wav|thêm phẫn nộ, đem lửa giận chuyển sang Tần Tang và La Lạc Ma quân. Ma ảnh dễ
iUGFXuxHNAA_00472.wav|dàng xâm nhập vào pháp vựt của hai người. Cảnh tượng này quả thật khiến cho
iUGFXuxHNAA_00473.wav|người. Cảnh tượng này quả thật khiến cho người ta kinh hãi vải có linh hồn. Thọt
iUGFXuxHNAA_00474.wav|người ta kinh hãi vải có linh hồn. Thọt nhìn như pháp vật của bọn họ sơ hở trăm
iUGFXuxHNAA_00475.wav|nhìn như pháp vật của bọn họ sơ hở trăm ngàn lỗ. Kỳ thực không phải như vậy,
iUGFXuxHNAA_00477.wav|nhưng một khi chủ nhân pháp vật nhìn thấy cảnh này mà tâm thần dao động, thậm
iUGFXuxHNAA_00478.wav|thấy cảnh này mà tâm thần dao động, thậm chí sinh lòng e sợ, liền cho lục dục
iUGFXuxHNAA_00479.wav|chí sinh lòng e sợ, liền cho lục dục thiên ma cơ hội để thừa cơ mờ vào. Thiên
iUGFXuxHNAA_00481.wav|phú thần thông của thiên ma tựa như là tâm ma của tu sĩ, giỏi nhất là công kích
iUGFXuxHNAA_00482.wav|tâm ma của tu sĩ, giỏi nhất là công kích vào nhược điểm tâm tính. Một khi trúng
iUGFXuxHNAA_00483.wav|vào nhược điểm tâm tính. Một khi trúng chiêu, nhẹ thì lục dục dâng trào, nắng
iUGFXuxHNAA_00484.wav|chiêu, nhẹ thì lục dục dâng trào, nắng thì ma niệm sinh sôi, cuối cùng sa đọ,
iUGFXuxHNAA_00485.wav|thì ma niệm sinh sôi, cuối cùng sa đọ, trở thành đồ chơi của Lục Dục Thiên Ma.
iUGFXuxHNAA_00486.wav|trở thành đồ chơi của Lục Dục Thiên Ma. Mai Thái Tần Tang và La Lạc Ma quân đều
iUGFXuxHNAA_00487.wav|Mai Thái Tần Tang và La Lạc Ma quân đều là cái hạng người ý chí kiên định. Hơn
iUGFXuxHNAA_00488.wav|là cái hạng người ý chí kiên định. Hơn nữa trong thời gian này, Tần Tăng đã
iUGFXuxHNAA_00490.wav|thỉnh giấu La Lạc Ma quân đủ loại kinh nghiệm đối phó với Mai Triều. vừa thấy
iUGFXuxHNAA_00491.wav|nghiệm đối phó với Mai Triều. vừa thấy vô số ma ảnh liền biết cái đầu lục dục
iUGFXuxHNAA_00492.wav|vô số ma ảnh liền biết cái đầu lục dục thiên ma này muốn làm cái giống gì rồi.
iUGFXuxHNAA_00493.wav|thiên ma này muốn làm cái giống gì rồi. Hắn tâm như là nước tỉnh lặng, thôi động
iUGFXuxHNAA_00494.wav|Hắn tâm như là nước tỉnh lặng, thôi động kiếm quyết, trong tinh hải linh quang
iUGFXuxHNAA_00495.wav|kiếm quyết, trong tinh hải linh quang bừng nở, những ma ảnh tiếp cận kiếm tinh
iUGFXuxHNAA_00496.wav|bừng nở, những ma ảnh tiếp cận kiếm tinh đều bị tinh quang chiếu ra chân hình. Mà
iUGFXuxHNAA_00497.wav|đều bị tinh quang chiếu ra chân hình. Mà hãy bị tinh quan sôi tới, liền như là bị
iUGFXuxHNAA_00498.wav|hãy bị tinh quan sôi tới, liền như là bị lửa thêu đốt hóa thành khối khí, trước
iUGFXuxHNAA_00499.wav|lửa thêu đốt hóa thành khối khí, trước khi tiêu tán còn lộ ra đủ loại cảnh
iUGFXuxHNAA_00500.wav|khi tiêu tán còn lộ ra đủ loại cảnh tượng đáng sợ thấy cười thứ gốm. Cùng
iUGFXuxHNAA_00501.wav|tượng đáng sợ thấy cười thứ gốm. Cùng lúc đó, ở phía dưới tinh hải, cùng quanh
iUGFXuxHNAA_00502.wav|lúc đó, ở phía dưới tinh hải, cùng quanh pháp vựt của Tần Tang, những ma ảnh đang
iUGFXuxHNAA_00503.wav|pháp vựt của Tần Tang, những ma ảnh đang rục rịch bỗng nhiên là cứng đờ bất động.
iUGFXuxHNAA_00505.wav|Một đạo kiếm mang từ giữa mi tâm của bọn chúng xuyên ra ngoài. Những kiếm mang
iUGFXuxHNAA_00506.wav|chúng xuyên ra ngoài. Những kiếm mang này không biết từ đâu mà sinh, trực tiếp
iUGFXuxHNAA_00507.wav|này không biết từ đâu mà sinh, trực tiếp chém vào cái chỗ yếu hại ở bên trong
iUGFXuxHNAA_00508.wav|chém vào cái chỗ yếu hại ở bên trong thân ma ảnh, vô số ma ảnh ầm ầm tiêu
iUGFXuxHNAA_00509.wav|thân ma ảnh, vô số ma ảnh ầm ầm tiêu tán. Kỳ thật, chỉ cần Kiếm Vực mở ra,
iUGFXuxHNAA_00510.wav|tán. Kỳ thật, chỉ cần Kiếm Vực mở ra, nơi tâm ý của Tần Tang tới đâu chính là
iUGFXuxHNAA_00511.wav|nơi tâm ý của Tần Tang tới đâu chính là cái nơi kiếm ý tới đó. Trong lòng quán
iUGFXuxHNAA_00512.wav|cái nơi kiếm ý tới đó. Trong lòng quán kiếm liền có kiếm sinh.
iUGFXuxHNAA_00513.wav|kiếm liền có kiếm sinh. Trước đó khi đại chiến với thần sát ma
iUGFXuxHNAA_00514.wav|Trước đó khi đại chiến với thần sát ma quân và tri chu ma trùng nhìn qua là
iUGFXuxHNAA_00515.wav|quân và tri chu ma trùng nhìn qua là nhật nguyệt sông kiếm đại triển thần uy,
iUGFXuxHNAA_00516.wav|nhật nguyệt sông kiếm đại triển thần uy, nhưng thật ra ở bên trên chiến trường
iUGFXuxHNAA_00518.wav|mỗi thời mỗi khắc đều có kiếm mang sinh diệt, kiếm ý không chỗ nào không có,
iUGFXuxHNAA_00519.wav|diệt, kiếm ý không chỗ nào không có, không khe hở nào không vào, vừa công
iUGFXuxHNAA_00520.wav|không khe hở nào không vào, vừa công phạt pháp vật của địch nhân, lại là có
iUGFXuxHNAA_00521.wav|phạt pháp vật của địch nhân, lại là có thể trực tiếp công kích căn cơ, khiến
iUGFXuxHNAA_00522.wav|thể trực tiếp công kích căn cơ, khiến cho đối phương ứng phó không sẩy. Đương
iUGFXuxHNAA_00523.wav|cho đối phương ứng phó không sẩy. Đương nhiên, kiếm vực của Tần Tan đồng thời
iUGFXuxHNAA_00524.wav|nhiên, kiếm vực của Tần Tan đồng thời cũng phải chịu công phạt của đối phương.
iUGFXuxHNAA_00527.wav|pháp vật của hai bên chẳng khác nào khóa chặt vào nhau. Trước khi phân thắng bậy,
iUGFXuxHNAA_00528.wav|chặt vào nhau. Trước khi phân thắng bậy, bất kỳ bên nào muốn thoát ra đều là vô
iUGFXuxHNAA_00529.wav|bất kỳ bên nào muốn thoát ra đều là vô cùng khó khăn. Chính là thông qua pháp
iUGFXuxHNAA_00530.wav|cùng khó khăn. Chính là thông qua pháp vật tương khóa, từng bước dành lấy ưu
iUGFXuxHNAA_00531.wav|vật tương khóa, từng bước dành lấy ưu thế, Nhật Nguyệt sông kiếm mới có thể
iUGFXuxHNAA_00532.wav|thế, Nhật Nguyệt sông kiếm mới có thể cuối cùng định đọt càn khôn, trực tiếp ở
iUGFXuxHNAA_00533.wav|cuối cùng định đọt càn khôn, trực tiếp ở cái tầng diện đại đậu mà công phạt căn
iUGFXuxHNAA_00534.wav|cái tầng diện đại đậu mà công phạt căn bản, đây chính là cái chỗ đáng sợ nhất
iUGFXuxHNAA_00535.wav|bản, đây chính là cái chỗ đáng sợ nhất của tu sĩ Hợp Thể Kỳ. Tu sĩ luyện hư kỳ
iUGFXuxHNAA_00536.wav|của tu sĩ Hợp Thể Kỳ. Tu sĩ luyện hư kỳ lĩnh ngộ được hư vực, còn có thể miễn
iUGFXuxHNAA_00538.wav|Bằng không ngay cả kiếm mang ở đâu cũng
iUGFXuxHNAA_00539.wav|Bằng không ngay cả kiếm mang ở đâu cũng không thấy, nói con mẹ gì tới chống.
iUGFXuxHNAA_00540.wav|không thấy, nói con mẹ gì tới chống. Mà lúc này đã có càng nhiều ma ảnh bị
iUGFXuxHNAA_00541.wav|Mà lúc này đã có càng nhiều ma ảnh bị kiếm quan xyên thủng cái đầu, bên trên
iUGFXuxHNAA_00543.wav|chiến trường có bao nhiêu ma ảnh, liền có bấy nhiêu đạo kiếm măng. La lạc ma
iUGFXuxHNAA_00545.wav|quân cũng không chịu thua kém, trong pháp vực nổi lên lôi bậu, chớp mắt một
iUGFXuxHNAA_00546.wav|pháp vực nổi lên lôi bậu, chớp mắt một cái mảnh thanh minh, từ cái trận tiếng
iUGFXuxHNAA_00547.wav|cái mảnh thanh minh, từ cái trận tiếng nổ lách tách vang lên, ma ảnh tận diệt,
iUGFXuxHNAA_00548.wav|nổ lách tách vang lên, ma ảnh tận diệt, dễ dàng quét sạch ma ảnh. Hai người đồng
iUGFXuxHNAA_00550.wav|thời nhìn ra ngoài pháp vực, trong lòng không hề có chút tự đắc gì.
iUGFXuxHNAA_00551.wav|không hề có chút tự đắc gì. Những ma ảnh này chỉ là một cái lần thăm
iUGFXuxHNAA_00552.wav|Những ma ảnh này chỉ là một cái lần thăm dò của Lục Dục Thiên Ma, không thể dao
iUGFXuxHNAA_00553.wav|dò của Lục Dục Thiên Ma, không thể dao động tâm thần của bọn họ. Thế công càng
iUGFXuxHNAA_00554.wav|động tâm thần của bọn họ. Thế công càng mạnh, tất sẽ nói tiếp mà đến.
iUGFXuxHNAA_00555.wav|mạnh, tất sẽ nói tiếp mà đến. Ngay khi ma ảnh bị tiêu diệt, âm ảnh từ
iUGFXuxHNAA_00556.wav|Ngay khi ma ảnh bị tiêu diệt, âm ảnh từ chân trời lại cuộn trở về. Lúc này Tần
iUGFXuxHNAA_00557.wav|chân trời lại cuộn trở về. Lúc này Tần Tan cảm nhận được một cái tia cảnh báu
iUGFXuxHNAA_00558.wav|Tan cảm nhận được một cái tia cảnh báu đến từ Lôi Thú Chiến Vệ, lập tức không
iUGFXuxHNAA_00559.wav|đến từ Lôi Thú Chiến Vệ, lập tức không chút do dự triệu hồi Lôi Thú Chiến Vệ
iUGFXuxHNAA_00560.wav|chút do dự triệu hồi Lôi Thú Chiến Vệ về. Lôi thú chiến vệ tiến vào bên trong
iUGFXuxHNAA_00561.wav|về. Lôi thú chiến vệ tiến vào bên trong kiếm ảnh, thân hình liền dung nhập vào
iUGFXuxHNAA_00563.wav|bên trong tinh quang, không rõ tung tích đâu. Ma triều thiên ma vẫn chưa bị lỗi
iUGFXuxHNAA_00564.wav|đâu. Ma triều thiên ma vẫn chưa bị lỗi thú chiến vệ dọn sạch, Tần Tang lại
iUGFXuxHNAA_00566.wav|triệu hồi nó là vì cảm nhận được nguy cơ. Phải biết loại thú chiến vệ chỉ là
iUGFXuxHNAA_00567.wav|cơ. Phải biết loại thú chiến vệ chỉ là một cái cổ khôi lỗi do một cái sợi tâm
iUGFXuxHNAA_00568.wav|một cái cổ khôi lỗi do một cái sợi tâm thần của hắn khống chế, mà thiên ma lại
iUGFXuxHNAA_00569.wav|thần của hắn khống chế, mà thiên ma lại giỏi nhất là công kích thần hồn.
iUGFXuxHNAA_00572.wav|khống chế đi, nhưng cũng có thể xuất hiện biến số khối lượng, đem lôi thú
iUGFXuxHNAA_00573.wav|hiện biến số khối lượng, đem lôi thú chiến vệ giữ bên mình mới là biện pháp
iUGFXuxHNAA_00576.wav|Dòng lũ thiên ma bị lôi thú chiến vệ đánh tan lại một lần nữa tụ hợp, tiếp đó
iUGFXuxHNAA_00577.wav|đánh tan lại một lần nữa tụ hợp, tiếp đó cái dòng lũ đảo cuộn lao vào cái phiếng
iUGFXuxHNAA_00578.wav|cái dòng lũ đảo cuộn lao vào cái phiếng âm ảnh kia. Âm ảnh vốn là ma ý cuồng
iUGFXuxHNAA_00579.wav|âm ảnh kia. Âm ảnh vốn là ma ý cuồng triều của lục dục thiên ma hóa thành,
iUGFXuxHNAA_00580.wav|triều của lục dục thiên ma hóa thành, dung nhập với cái dòng lũ thiên ma,
iUGFXuxHNAA_00581.wav|dung nhập với cái dòng lũ thiên ma, thanh thế lại là tăng thêm mấy phần.
iUGFXuxHNAA_00582.wav|thanh thế lại là tăng thêm mấy phần. Chớp mắt, ma ảnh lần nữa lại sinh. Tầng
iUGFXuxHNAA_00583.wav|Chớp mắt, ma ảnh lần nữa lại sinh. Tầng tầng lớp lớp ma ảnh dường như là còn dề
iUGFXuxHNAA_00584.wav|tầng lớp lớp ma ảnh dường như là còn dề đặt hơn lúc trước. Những ma ảnh này khi
iUGFXuxHNAA_00585.wav|đặt hơn lúc trước. Những ma ảnh này khi ẩn khi hiện càng thêm phiêu hốt. Bất
iUGFXuxHNAA_00586.wav|ẩn khi hiện càng thêm phiêu hốt. Bất luận là kiếm mang của Tần Tang hay là
iUGFXuxHNAA_00588.wav|thanh lôi của La Lạc Ma quân, trong khoảnh khắc này phần lớn lại đánh vào
iUGFXuxHNAA_00589.wav|khoảnh khắc này phần lớn lại đánh vào cái khoảng không. Những thiên ma kia ở
iUGFXuxHNAA_00590.wav|cái khoảng không. Những thiên ma kia ở nơi khác tái sinh, Ma khiếu không dứt
iUGFXuxHNAA_00592.wav|bên tay, tựa như là đang cười nhạo bọn họ, khiến cho lòng người phiền não. Đây
iUGFXuxHNAA_00593.wav|họ, khiến cho lòng người phiền não. Đây là Thiên Ma Vọng cảnh, cẩn thận. La Lạc
iUGFXuxHNAA_00594.wav|là Thiên Ma Vọng cảnh, cẩn thận. La Lạc Ma quân trầm giọng nhắc nhở. Thiên Ma
iUGFXuxHNAA_00596.wav|Vọng Cảnh là một trong những thiên phú thần thông đáng sợ nhất của Thiên Ma,
iUGFXuxHNAA_00597.wav|thần thông đáng sợ nhất của Thiên Ma, cần do vô số thiên ma hợp thành thiên ma
iUGFXuxHNAA_00598.wav|cần do vô số thiên ma hợp thành thiên ma hồng lưu, có thể ví với chiến trận của
iUGFXuxHNAA_00599.wav|hồng lưu, có thể ví với chiến trận của tu sĩ. Nhưng ở một phương diện nào đó, ý
iUGFXuxHNAA_00600.wav|tu sĩ. Nhưng ở một phương diện nào đó, ý niệm của Ngũ Uẩn Âm Ma đơn giản hơn tu
iUGFXuxHNAA_00601.wav|niệm của Ngũ Uẩn Âm Ma đơn giản hơn tu sĩ nhiều, sự liên hệ giữa các thiên ma
iUGFXuxHNAA_00602.wav|sĩ nhiều, sự liên hệ giữa các thiên ma cũng là chặt chẽ hơn. Bởi vậy, uy lực
iUGFXuxHNAA_00605.wav|Nếu tại bên trong Thiên Ma Hồng Lưu có
iUGFXuxHNAA_00606.wav|Nếu tại bên trong Thiên Ma Hồng Lưu có một cái đầu lục dục thiên ma, nó lấy ma
iUGFXuxHNAA_00607.wav|một cái đầu lục dục thiên ma, nó lấy ma ý cường đại thôn nạp toàn bộ Hồng Lưu,
iUGFXuxHNAA_00608.wav|ý cường đại thôn nạp toàn bộ Hồng Lưu, vọng cảnh cũng sẽ phát sinh biến chất.
iUGFXuxHNAA_00609.wav|vọng cảnh cũng sẽ phát sinh biến chất. Một khi bị Thiên Ma Vọng cảnh vây khốn,
iUGFXuxHNAA_00610.wav|Một khi bị Thiên Ma Vọng cảnh vây khốn, tu sĩ sẽ phải chịu xung kích toàn diện
iUGFXuxHNAA_00611.wav|tu sĩ sẽ phải chịu xung kích toàn diện cả về thân thể lẫn thần hồn, đặc biệt là
iUGFXuxHNAA_00612.wav|cả về thân thể lẫn thần hồn, đặc biệt là phương diện thần hồn. Nếu tâm tính không
iUGFXuxHNAA_00613.wav|phương diện thần hồn. Nếu tâm tính không đủ kiên định, gặp nguy cơ liền là do dự
iUGFXuxHNAA_00614.wav|đủ kiên định, gặp nguy cơ liền là do dự bất an, cảm xúc biến hóa lập tức là bị
iUGFXuxHNAA_00615.wav|bất an, cảm xúc biến hóa lập tức là bị vọng cảnh bắt lấy. Thôi động vọng cảnh
iUGFXuxHNAA_00616.wav|Bắt lấy. Thôi động vọng cảnh dị biến, ý niệm của tu sĩ trong đó sẽ là
iUGFXuxHNAA_00617.wav|dị biến, ý niệm của tu sĩ trong đó sẽ là hiện hóa, thậm chí là từ ảo chuyển sang
iUGFXuxHNAA_00618.wav|hiện hóa, thậm chí là từ ảo chuyển sang thành thật. Trong Thiên Ma Vọng cảnh, dù
iUGFXuxHNAA_00620.wav|chỉ là một cái tia dao động tâm niệm, cũng sẽ bị Thiên Ma bắt lấy phá vỡ tâm
iUGFXuxHNAA_00621.wav|cũng sẽ bị Thiên Ma bắt lấy phá vỡ tâm phòng. Đến lúc đó, kết cục của tu sĩ chỉ
iUGFXuxHNAA_00625.wav|Đáng sợ hơn là uy lực của Thiên Ma Vọng cảnh có thể chất chồng, có thể do hai
iUGFXuxHNAA_00626.wav|cảnh có thể chất chồng, có thể do hai đầu, ba đầu, thậm chí là nhiều hơn những
iUGFXuxHNAA_00627.wav|đầu, ba đầu, thậm chí là nhiều hơn những cái đầu lục dục thiên ma cùng cấu thành.
iUGFXuxHNAA_00628.wav|cái đầu lục dục thiên ma cùng cấu thành. Vọng cảnh tần tần trồng chất, phạm vi có
iUGFXuxHNAA_00629.wav|Vọng cảnh tần tần trồng chất, phạm vi có thể sánh ngang cả một cái tòa ma quốc.
iUGFXuxHNAA_00630.wav|thể sánh ngang cả một cái tòa ma quốc. Một khi rơi vào cái loại vọng cảnh này,
iUGFXuxHNAA_00632.wav|Tần Tang và La Lạc Ma quân hiện tại có thể chuẩn bị chính là hậu sự cho chính
iUGFXuxHNAA_00634.wav|Âm ảnh cuốn theo Tần Tần Ma Ảnh, lúc này
iUGFXuxHNAA_00635.wav|Âm ảnh cuốn theo Tần Tần Ma Ảnh, lúc này đã là che trời lắp đất. Tần Tang và La
iUGFXuxHNAA_00637.wav|Lạc Ma quân đã bị Thiên Ma Vọng cảnh bao phủ, xung quanh ma ảnh trùng trùng ma âm
iUGFXuxHNAA_00638.wav|phủ, xung quanh ma ảnh trùng trùng ma âm quán nhĩ. Tâm thần hai người không chút
iUGFXuxHNAA_00639.wav|quán nhĩ. Tâm thần hai người không chút gận sóng, toàn lực mở rộng pháp vực, đối
iUGFXuxHNAA_00641.wav|diện Thiên Ma Vọng cảnh cũng không hề nhượng bộ chút nào. Giữa Lôi Đình và
iUGFXuxHNAA_00643.wav|Kiếm Mang, từng cái đạo hát sắc thiểm điện nhanh chóng nhảy vọt, nơi đi qua vô
iUGFXuxHNAA_00644.wav|điện nhanh chóng nhảy vọt, nơi đi qua vô số ma ảnh vẫn lạc. Những ma ảnh này
iUGFXuxHNAA_00645.wav|số ma ảnh vẫn lạc. Những ma ảnh này không phải là do lục dục thiên ma hiển
iUGFXuxHNAA_00646.wav|không phải là do lục dục thiên ma hiển hóa mà thành, mà chính là thiên ma chân
iUGFXuxHNAA_00649.wav|Dưới sự che chở của pháp vật, lôi thú chiến vệ lại bắt đầu đại khai sát giới.
iUGFXuxHNAA_00650.wav|chiến vệ lại bắt đầu đại khai sát giới. Một khi bị Thiên Ma Vọng cảnh vây khốn,
iUGFXuxHNAA_00652.wav|tu sĩ thường chỉ có thể chuyển sang thế thủ, nghiêm thủ tâm phòng, nhưng Tần
iUGFXuxHNAA_00653.wav|thủ, nghiêm thủ tâm phòng, nhưng Tần Tang và La Lạc Ma quân liên thủ thực lực
iUGFXuxHNAA_00655.wav|không hề kém cái đầu lục dục thiên ma này, hoàn toàn có thể chính diện công
iUGFXuxHNAA_00656.wav|này, hoàn toàn có thể chính diện công phạt, chỉ cần bọn họ đồ sát hết thảy
iUGFXuxHNAA_00657.wav|phạt, chỉ cần bọn họ đồ sát hết thảy thiên ma khác, vọng cảnh này tự khắc sẽ
iUGFXuxHNAA_00658.wav|thiên ma khác, vọng cảnh này tự khắc sẽ là tan rã. Cũng chính vì nơi đây có hai
iUGFXuxHNAA_00660.wav|người bọn họ nên không có nỗi lâu phía sau. Nếu là một đám người, một khi có
iUGFXuxHNAA_00661.wav|sau. Nếu là một đám người, một khi có người bị thiên ma mê hoặc, liền sẽ khiến
iUGFXuxHNAA_00662.wav|người bị thiên ma mê hoặc, liền sẽ khiến uy lực vọng cảnh tăng vọt, ngược lại trở
iUGFXuxHNAA_00663.wav|uy lực vọng cảnh tăng vọt, ngược lại trở thành trợ lực cho thiên ma. Mà Thiên Ma
iUGFXuxHNAA_00664.wav|thành trợ lực cho thiên ma. Mà Thiên Ma Vọng cảnh lại rất khó lòng phòng bị. Tu
iUGFXuxHNAA_00665.wav|Vọng cảnh lại rất khó lòng phòng bị. Tu sĩ của ma giới giao phong với ma triều
iUGFXuxHNAA_00666.wav|sĩ của ma giới giao phong với ma triều lâu như vậy, trên chiến trường cũng khó
iUGFXuxHNAA_00667.wav|lâu như vậy, trên chiến trường cũng khó tránh khỏi tình huống này. Chỉ cần là
iUGFXuxHNAA_00668.wav|tránh khỏi tình huống này. Chỉ cần là sinh linh, tất là có hỷ nộ ái ố, có thất
iUGFXuxHNAA_00669.wav|sinh linh, tất là có hỷ nộ ái ố, có thất tình lục dục. Tu sĩ hợp thể kỳ tuy là
iUGFXuxHNAA_00670.wav|tình lục dục. Tu sĩ hợp thể kỳ tuy là tâm tính kiên định, cũng chỉ có thể áp
iUGFXuxHNAA_00671.wav|tâm tính kiên định, cũng chỉ có thể áp chế cái dòng lục dục mà thôi, không thể
iUGFXuxHNAA_00672.wav|chế cái dòng lục dục mà thôi, không thể làm được tâm vô tạp niệm, đoạn tiệt tình
iUGFXuxHNAA_00673.wav|làm được tâm vô tạp niệm, đoạn tiệt tình cảm, những chí bảo như là tẩy tâm tỷ có
iUGFXuxHNAA_00674.wav|cảm, những chí bảo như là tẩy tâm tỷ có thể triệt để thanh trừ thiên ma thì lại
iUGFXuxHNAA_00675.wav|thể triệt để thanh trừ thiên ma thì lại vô cùng hiếm hôi. Mà lúc này ma ý ngập
iUGFXuxHNAA_00676.wav|vô cùng hiếm hôi. Mà lúc này ma ý ngập trời đã là ầm ầm ập tới, sắc mặt hai
iUGFXuxHNAA_00677.wav|trời đã là ầm ầm ập tới, sắc mặt hai người trầm xuống, lập tức là dốc toàn
iUGFXuxHNAA_00678.wav|người trầm xuống, lập tức là dốc toàn lực củng cố pháp vật chính diện tiếp
iUGFXuxHNAA_00680.wav|nhận cái cú va chạm của cái luồng ma ý này. Tựa như là một cái tiếng sát kinh
iUGFXuxHNAA_00681.wav|này. Tựa như là một cái tiếng sát kinh thiên nổ vang ở trong lòng. Một cái lần
iUGFXuxHNAA_00682.wav|thiên nổ vang ở trong lòng. Một cái lần va chạm này lông trời lỡ đất. Mà cái tò
iUGFXuxHNAA_00684.wav|động thiên bí cảnh này lại kiên cố tới cái mức vượt ngoài tưởng tượng, vậy mà
iUGFXuxHNAA_00685.wav|cái mức vượt ngoài tưởng tượng, vậy mà chỉ khẽ rung động. Trên cử thiên cao
iUGFXuxHNAA_00686.wav|chỉ khẽ rung động. Trên cử thiên cao không, đế hồng ma cấm màu đen lóe lên
iUGFXuxHNAA_00687.wav|không, đế hồng ma cấm màu đen lóe lên linh quang bảy sắc rực rỡ, nhưng chớp
iUGFXuxHNAA_00688.wav|linh quang bảy sắc rực rỡ, nhưng chớp mắt đã là khôi phục như cũ, phía dưới
iUGFXuxHNAA_00689.wav|mắt đã là khôi phục như cũ, phía dưới thì đất rung núi chuyển, phế tích hoàn
iUGFXuxHNAA_00690.wav|thì đất rung núi chuyển, phế tích hoàn toàn bị dư ba sang bàn. Trong thanh âm
iUGFXuxHNAA_00691.wav|toàn bị dư ba sang bàn. Trong thanh âm ma khiếu sen lẫn cái tiếng gào thảm.
iUGFXuxHNAA_00693.wav|Không biết bao nhiêu thiên ma đã là vẫn lạc trong cái lần va chạm này. Nhưng
iUGFXuxHNAA_00695.wav|Vọng cảnh đã thành, thiên ma hồng lưu không vì thế mà tan rã, trái
iUGFXuxHNAA_00696.wav|hồng lưu không vì thế mà tan rã, trái lại còn nhanh chóng bù đắp kẻ nứt. Tần
iUGFXuxHNAA_00697.wav|lại còn nhanh chóng bù đắp kẻ nứt. Tần Tan và La Lạc Ma quân cũng chịu phải
iUGFXuxHNAA_00698.wav|Tan và La Lạc Ma quân cũng chịu phải sung kích mãnh liệt. Tinh quang chợt tối
iUGFXuxHNAA_00699.wav|sung kích mãnh liệt. Tinh quang chợt tối sầm, Đông Phương Thất Túc Tinh Vực trực
iUGFXuxHNAA_00701.wav|diện va chạm, rất nhiều kiếm tinh vỡ nát, gần như trở lại trạng thái tinh
iUGFXuxHNAA_00702.wav|nát, gần như trở lại trạng thái tinh vân. Trong pháp vực của La Lạc Ma quân
iUGFXuxHNAA_00703.wav|vân. Trong pháp vực của La Lạc Ma quân thanh đằng từng mãng lớn thì hấu rũ, đây
iUGFXuxHNAA_00704.wav|thanh đằng từng mãng lớn thì hấu rũ, đây đều là dấu hiệu pháp vật bị thương.
iUGFXuxHNAA_00705.wav|đều là dấu hiệu pháp vật bị thương. Lục Dục Thiên Ma hợp thế trung kỳ, quá
iUGFXuxHNAA_00706.wav|Lục Dục Thiên Ma hợp thế trung kỳ, quá nhân lợi hại a.
iUGFXuxHNAA_00707.wav|nhân lợi hại a. Tần Tan thầm nghĩ trong lòng. La lạc ma
iUGFXuxHNAA_00709.wav|quân thì lại vui mừng khôn siết, liên tục truyền âm.
iUGFXuxHNAA_00711.wav|Cái thằng này cùi mía nó chưa có đút thành ma cung.
iUGFXuxHNAA_00713.wav|Cái gọi là ma cung trong lời của hắn chính là lục dục ma cung, một đại thiên
iUGFXuxHNAA_00716.wav|Lục dục ma cung cần do thiên ma và những
iUGFXuxHNAA_00718.wav|quyến thuộc đã bị cái con thiên ma này mai nhiễm cùng nhau bài bố. Bởi vậy, chỉ
iUGFXuxHNAA_00720.wav|có lục dục thiên ma đã thành công ma nhiễm tu sĩ hợp thể kỳ mới có thể đút
iUGFXuxHNAA_00721.wav|nhiễm tu sĩ hợp thể kỳ mới có thể đút thành lục dục ma cung. Đây mới là cái
iUGFXuxHNAA_00722.wav|thành lục dục ma cung. Đây mới là cái chỗ đáng sợ nhất của lục dục thiên ma.
iUGFXuxHNAA_00723.wav|chỗ đáng sợ nhất của lục dục thiên ma. Lục dục ma cung tại tiền tiến ma triều
iUGFXuxHNAA_00725.wav|khiến cho tu sĩ ma giới nghe mà biến sắc. Tu sĩ không chỉ phải đồng thời đối
iUGFXuxHNAA_00726.wav|sắc. Tu sĩ không chỉ phải đồng thời đối mặt hai cái cường giả cảnh giới ma quân
iUGFXuxHNAA_00727.wav|mặt hai cái cường giả cảnh giới ma quân mà khí cơ giữa thiên ma và quyến thuộc
iUGFXuxHNAA_00728.wav|mà khí cơ giữa thiên ma và quyến thuộc liên kết hoàng mỹ. một trong một ngoài,
iUGFXuxHNAA_00729.wav|liên kết hoàng mỹ. một trong một ngoài, một sáng một tối, thậm chí là một hư một
iUGFXuxHNAA_00730.wav|Sáng một tối, thậm chí là một hư một thực. Nếu coi thiên ma và quyến thuộc là
iUGFXuxHNAA_00731.wav|thực. Nếu coi thiên ma và quyến thuộc là một thể thì đó chính là một cái địch
iUGFXuxHNAA_00732.wav|một thể thì đó chính là một cái địch nhân gần như hoàng mỹ. Quyến thuộc phụ
iUGFXuxHNAA_00733.wav|nhân gần như hoàng mỹ. Quyến thuộc phụ trách chính diện sung sắc, thiên ma công
iUGFXuxHNAA_00734.wav|trách chính diện sung sắc, thiên ma công phạt thần hồn, chờ cơ hội mai nhiễm,
iUGFXuxHNAA_00735.wav|phạt thần hồn, chờ cơ hội mai nhiễm, khiến cho người ta không kịp trở tay.
iUGFXuxHNAA_00737.wav|Hiện tại tần tan và lối thú chiến vệ cũng có vài phần tương tự như vậy, nhưng
iUGFXuxHNAA_00739.wav|liên hệ giữa thiên ma và quyến thuộc còn chặt chẽ hơn bọn họ rất nhiều, hơn nữa
iUGFXuxHNAA_00740.wav|chặt chẽ hơn bọn họ rất nhiều, hơn nữa còn có thể hư thực biến hóa, huyễn hóa
iUGFXuxHNAA_00741.wav|còn có thể hư thực biến hóa, huyễn hóa vô cùng. nắm giữ thần thông thủ đoạn
iUGFXuxHNAA_00742.wav|vô cùng. nắm giữ thần thông thủ đoạn cũng khó mà tưởng tượng. Tương triền căn
iUGFXuxHNAA_00745.wav|không chỉ có thể lợi dụng Thiên Ma để tu luyện tăng trưởng tu vi mà còn có thể
iUGFXuxHNAA_00746.wav|luyện tăng trưởng tu vi mà còn có thể tham chiếu lục dục ma cung sáng tạo ra
iUGFXuxHNAA_00747.wav|tham chiếu lục dục ma cung sáng tạo ra phản ma cung do tu sĩ và ma nô cấu thành
iUGFXuxHNAA_00748.wav|phản ma cung do tu sĩ và ma nô cấu thành uy chấn ma giới. Bởi vậy có danh xưng là
iUGFXuxHNAA_00749.wav|uy chấn ma giới. Bởi vậy có danh xưng là ma cung. Nhưng thiên ma nhiễm tu sĩ thì
iUGFXuxHNAA_00750.wav|ma cung. Nhưng thiên ma nhiễm tu sĩ thì dễ. Tu sĩ muốn khống chế được một cái
iUGFXuxHNAA_00752.wav|đầu thiên ma đâu phải là cái chuyện đơn giản gì. Hậu nhân hoài nghi chính vì là
iUGFXuxHNAA_00753.wav|giản gì. Hậu nhân hoài nghi chính vì là Toàn tông hóa xem nhẹ Thiên Ma, mới là
iUGFXuxHNAA_00754.wav|Toàn tông hóa xem nhẹ Thiên Ma, mới là dẫn tới địa cực ma cung bị diệt môn ngay
iUGFXuxHNAA_00757.wav|theo hệ quả dây chuyền, khiến cho Bắc Phương Ma vật hoàn toàn lưng hẫm.
iUGFXuxHNAA_00759.wav|Cái đầu lục dục thiên ma này vừa thi triển là Thiên Ma Vọng cảnh chứ không
iUGFXuxHNAA_00760.wav|triển là Thiên Ma Vọng cảnh chứ không phải là lục dục ma cung gì. Có lẽ là nó
iUGFXuxHNAA_00761.wav|phải là lục dục ma cung gì. Có lẽ là nó vẫn chưa đắc thủ hoặc là quyến thuộc của
iUGFXuxHNAA_00762.wav|vẫn chưa đắc thủ hoặc là quyến thuộc của nó không ở bên cạnh. Cái tên hương chủ
iUGFXuxHNAA_00763.wav|nó không ở bên cạnh. Cái tên hương chủ Địa Cực Ma Cung trước đó nhìn thấy xem
iUGFXuxHNAA_00764.wav|Địa Cực Ma Cung trước đó nhìn thấy xem ra chỉ là một cái sác mà thôi. Đây không
iUGFXuxHNAA_00765.wav|ra chỉ là một cái sác mà thôi. Đây không nghi ngờ gì là một cái tin tức đáng phấn
iUGFXuxHNAA_00766.wav|nghi ngờ gì là một cái tin tức đáng phấn chấn. Tần Tan vẫn chưa để Dương Thật sức
iUGFXuxHNAA_00768.wav|thủ, chính là đang đề phòng quyến thuộc của cái đầu lục dục thiên ma này, chuẩn
iUGFXuxHNAA_00769.wav|của cái đầu lục dục thiên ma này, chuẩn bị sức kỳ bất ý mà diệt trừ nó. Đầu
iUGFXuxHNAA_00771.wav|Thiên Ma này tuy có thực lực hợp thể trung kỳ, nhưng chưa chắc đã có quyến
iUGFXuxHNAA_00772.wav|trung kỳ, nhưng chưa chắc đã có quyến thuộc mạnh như vậy. Dù sao thời cơ tốt
iUGFXuxHNAA_00773.wav|thuộc mạnh như vậy. Dù sao thời cơ tốt nhất để Thiên Ma nhiễm tu sĩ chính là
iUGFXuxHNAA_00774.wav|nhất để Thiên Ma nhiễm tu sĩ chính là lúc tu sĩ phá cảnh độ kiếp, tâm ma tự
iUGFXuxHNAA_00775.wav|lúc tu sĩ phá cảnh độ kiếp, tâm ma tự sinh. Nếu cái đầu lục dục thiên ma này
iUGFXuxHNAA_00776.wav|sinh. Nếu cái đầu lục dục thiên ma này không có quyến thuộc thì có thể xem nó
iUGFXuxHNAA_00778.wav|như là một cái tu sĩ hợp thể trung kỳ bình thường, thậm chí ở phương diện
iUGFXuxHNAA_00779.wav|bình thường, thậm chí ở phương diện chính diện sung sắc còn yếu hơn một bậc.
iUGFXuxHNAA_00780.wav|chính diện sung sắc còn yếu hơn một bậc. Chỉ cần bọn họ đồng tâm hiệp lực, chưa
iUGFXuxHNAA_00782.wav|chắc là không thể trảm được cái đầu ma đầu này. "Diết đi." La lạc ma quân khí
iUGFXuxHNAA_00784.wav|thế đại thịnh, lập tức toàn lực thôi động lực lượng pháp vật, sông vào bên
iUGFXuxHNAA_00785.wav|động lực lượng pháp vật, sông vào bên trong Thiên Ma Vọng cảnh. "Uâu!" Thanh
iUGFXuxHNAA_00786.wav|trong Thiên Ma Vọng cảnh. "Uâu!" Thanh Đằng điên cuồng sinh trưởng đang sen hóa
iUGFXuxHNAA_00787.wav|Đằng điên cuồng sinh trưởng đang sen hóa thành Thanh Long. Thanh long gầm rống,
iUGFXuxHNAA_00789.wav|đồng thời trên không truyền tới từng cái thanh âm kiếm khí phá không. Nhật nguyệt
iUGFXuxHNAA_00791.wav|sông kiếm và thanh long một trên một dưới xé tọt thiên ma hồng lưu, hộ tống
iUGFXuxHNAA_00792.wav|dưới xé tọt thiên ma hồng lưu, hộ tống cho lôi thú chiến vệ.
iUGFXuxHNAA_00794.wav|Đầu lục dục thiên ma này dù sao cũng có thực lực hợp thể trung kỳ, trong tình
iUGFXuxHNAA_00795.wav|thực lực hợp thể trung kỳ, trong tình huống tần tan chưa xức động Dương Thần,
iUGFXuxHNAA_00796.wav|huống tần tan chưa xức động Dương Thần, hắn và La Lạc Ma quân liên thủ mới là
iUGFXuxHNAA_00797.wav|hắn và La Lạc Ma quân liên thủ mới là miễn cưỡng có thể kháng cự. Hai người
iUGFXuxHNAA_00798.wav|miễn cưỡng có thể kháng cự. Hai người hợp lực chống đỡ xung kích của ma ý, để
iUGFXuxHNAA_00799.wav|hợp lực chống đỡ xung kích của ma ý, để cho lôi thú chiến vệ không kiên nể gì cả
iUGFXuxHNAA_00800.wav|cho lôi thú chiến vệ không kiên nể gì cả mà đồ sát cái đám thiên ma kia. từ đó
iUGFXuxHNAA_00801.wav|mà đồ sát cái đám thiên ma kia. từ đó suy yếu uy lực của Thiên Ma Vọng Cảnh.
iUGFXuxHNAA_00803.wav|Tình huống cái tò động thiên bí cảnh này chưa rõ ràng, tuy bọn họ muốn nhanh
iUGFXuxHNAA_00805.wav|chóng chém giết cái đầu lục dục thiên ma này, nhưng càng nóng vội càng dễ phạm
iUGFXuxHNAA_00806.wav|này, nhưng càng nóng vội càng dễ phạm sai lầm, đặc biệt là khi đối mặt với
iUGFXuxHNAA_00808.wav|Ma ý như là triều dân vậy, cuồn cuộn
iUGFXuxHNAA_00809.wav|Ma ý như là triều dân vậy, cuồn cuộn không dứt, đủ thấy thực lực của cái đầu
iUGFXuxHNAA_00810.wav|không dứt, đủ thấy thực lực của cái đầu lục dục thiên ma này là hùng hậu cỡ nào.
iUGFXuxHNAA_00813.wav|bị Tần Tang và La Lạc Ma quân thành công đón đỡ, chưa từng lan tới lôi thú chiến
iUGFXuxHNAA_00814.wav|đón đỡ, chưa từng lan tới lôi thú chiến vệ mãi may. Trái lại, lôi thú chiến vệ
iUGFXuxHNAA_00815.wav|Mãi may. Trái lại, lôi thú chiến vệ hóa thân minh lôi, bên trên chiến trường
iUGFXuxHNAA_00818.wav|thùi lùi. Thiên Ma tại bên trong Lôi Trạch đều bị đánh đến hôi phi yên diệt,
iUGFXuxHNAA_00820.wav|cưỡng ép xé tọt thiên ma vọng cảnh một cái lỗ trống rờy. Lúc này tại bên trong
iUGFXuxHNAA_00821.wav|cái lỗ trống rờy. Lúc này tại bên trong Thiên Ma Vọng cảnh vẫn là vô số ma ảnh,
iUGFXuxHNAA_00823.wav|so với trước càng thêm biến hóa khôn lường, không ngừng hư thực chuyển đổi,
iUGFXuxHNAA_00824.wav|lường, không ngừng hư thực chuyển đổi, biểu tình vặn vẹo tiếng gào thét thê
iUGFXuxHNAA_00826.wav|Mà đã không có nguy hiểm rồi, Tần Tan và
iUGFXuxHNAA_00828.wav|La Lạc Ma quân đương nhiên không sinh lòng sợ hãi, càng không vì thế mà tự
iUGFXuxHNAA_00829.wav|lòng sợ hãi, càng không vì thế mà tự đắc. Hai người tâm như là nước lặng,
iUGFXuxHNAA_00830.wav|đắc. Hai người tâm như là nước lặng, không bị khơi dậy cảm xúc và tạp niệm,
iUGFXuxHNAA_00831.wav|không bị khơi dậy cảm xúc và tạp niệm, uy lực của Thiên Ma Vọng Cảnh liền bị si
iUGFXuxHNAA_00832.wav|uy lực của Thiên Ma Vọng Cảnh liền bị si giảm thêm ba phần. Không biết vì sao,
iUGFXuxHNAA_00834.wav|cái đầu lục dục Thiên Ma này không những không có quyến thuộc đẳng cấp ma quân,
iUGFXuxHNAA_00836.wav|mà đến một cái quyến thuộc đẳng cấp ma vương cũng là không có. Điều này cực kỳ
iUGFXuxHNAA_00837.wav|vương cũng là không có. Điều này cực kỳ là không bình thường.
iUGFXuxHNAA_00838.wav|là không bình thường. Trên tiền ma triều, lục dục thiên ma cho
iUGFXuxHNAA_00840.wav|dù vận khí không tốt, không thể mai nhiễm được quyến thuộc đẳng cấp ma quân,
iUGFXuxHNAA_00843.wav|những thiên ma quyến thuộc đẳng cấp ma vương. Chúng liên thủ với quyến thuộc
iUGFXuxHNAA_00844.wav|vương. Chúng liên thủ với quyến thuộc cũng có thể là mô phỏng ra vài phần uy
iUGFXuxHNAA_00845.wav|cũng có thể là mô phỏng ra vài phần uy lực của Lục Dục Ma Cung. Khi đó, Tần
iUGFXuxHNAA_00847.wav|Tang và La Lạc Ma quân tuyệt đối không thể nhẹ nhàng như vậy. Nếu cái nơi động
iUGFXuxHNAA_00849.wav|thiên bí cảnh này là lao ngục của Thiên Ma thì mọi thứ đều là hợp lý rề. Bên
iUGFXuxHNAA_00851.wav|trong chỉ còn lại thi hài của tu sĩ Địa Cực Ma Cung. Đầu Lục Dục Thiên Ma này bị
iUGFXuxHNAA_00852.wav|Cực Ma Cung. Đầu Lục Dục Thiên Ma này bị vây khốn ở đây, không thể ra ngoài ma
iUGFXuxHNAA_00853.wav|vây khốn ở đây, không thể ra ngoài ma nhiễm tu sĩ, đến nay vẫn là một vô binh
iUGFXuxHNAA_00854.wav|nhiễm tu sĩ, đến nay vẫn là một vô binh chi tướng.
iUGFXuxHNAA_00856.wav|Công kích lâu như vậy mà không hạ được địch nhân, ma khiếu càng thêm thê lương
iUGFXuxHNAA_00857.wav|địch nhân, ma khiếu càng thêm thê lương nôn nóng, trái lại Tần Tang và La Lạc Ma
iUGFXuxHNAA_00858.wav|nôn nóng, trái lại Tần Tang và La Lạc Ma quân lại càng thêm trấn định. Đúng lúc
iUGFXuxHNAA_00861.wav|truyền ra một cái tiếng thét chói tay, chỉ có thể dùng tâm thần để mà cảm nhận.
iUGFXuxHNAA_00863.wav|Tiếng thá nhập thể khiến trong lòng của Tần Tan và La Lạc Ma quân đều là chấn
iUGFXuxHNAA_00864.wav|Tần Tan và La Lạc Ma quân đều là chấn động, chỉ thấy hắc triều trải khắp thiên
iUGFXuxHNAA_00865.wav|động, chỉ thấy hắc triều trải khắp thiên địa ở bên trong vọng cảnh, bất chấp tất
iUGFXuxHNAA_00866.wav|địa ở bên trong vọng cảnh, bất chấp tất cả lao về phía bọn họ. Trong Hắc Triều,
iUGFXuxHNAA_00867.wav|cả lao về phía bọn họ. Trong Hắc Triều, ma ảnh lập là, giữa cái đám thiên ma còn
iUGFXuxHNAA_00868.wav|ma ảnh lập là, giữa cái đám thiên ma còn ấn giấu vô số ma ảnh quỷ vị. Vừa rồi thì
iUGFXuxHNAA_00869.wav|ấn giấu vô số ma ảnh quỷ vị. Vừa rồi thì bọn họ ngăn được ma ý, nhưng dưới sự
iUGFXuxHNAA_00870.wav|bọn họ ngăn được ma ý, nhưng dưới sự xung kích liên tục của ma triều, pháp
iUGFXuxHNAA_00871.wav|xung kích liên tục của ma triều, pháp vật khó tránh khỏi lộ ra sợ hở. Lúc này
iUGFXuxHNAA_00872.wav|vật khó tránh khỏi lộ ra sợ hở. Lúc này hắc triều cuồng loạn dân trào, những ma
iUGFXuxHNAA_00873.wav|hắc triều cuồng loạn dân trào, những ma ảnh kia liền thừa có xâm nhập xuyên qua
iUGFXuxHNAA_00874.wav|ảnh kia liền thừa có xâm nhập xuyên qua khe hở vết nứt mà xâm nhập vào bên trong
iUGFXuxHNAA_00875.wav|khe hở vết nứt mà xâm nhập vào bên trong pháp vật. Cẩn thận mai niệm La Lạc Ma
iUGFXuxHNAA_00876.wav|pháp vật. Cẩn thận mai niệm La Lạc Ma quân lại lần nữa nhắc nhở Tần Tang.
iUGFXuxHNAA_00879.wav|trược của Thiên Ma, tiếp theo bọn họ phải đối mặt mới là thực lực chân chính
iUGFXuxHNAA_00882.wav|Điều khiến cho người ta kiên kỵ nhất ở thiên ma là bọn chúng có thể giống như
iUGFXuxHNAA_00883.wav|thiên ma là bọn chúng có thể giống như tâm ma vậy, dùng ma niệm vô hình vô
iUGFXuxHNAA_00884.wav|tâm ma vậy, dùng ma niệm vô hình vô chất, trong lúc vô thanh vô tức khuấy
iUGFXuxHNAA_00885.wav|chất, trong lúc vô thanh vô tức khuấy động lên tâm tư của tu sĩ, khiến cho ma
iUGFXuxHNAA_00886.wav|động lên tâm tư của tu sĩ, khiến cho ma niệm sinh sôi cuối cùng lặng lẽ mà nhiễm
iUGFXuxHNAA_00887.wav|niệm sinh sôi cuối cùng lặng lẽ mà nhiễm tu sĩ. Đầu Lục Dục Thiên Ma này lại lần
iUGFXuxHNAA_00888.wav|tu sĩ. Đầu Lục Dục Thiên Ma này lại lần nữa hiển lộ ra ma ảnh, không hề che giấu
iUGFXuxHNAA_00889.wav|nữa hiển lộ ra ma ảnh, không hề che giấu ý đồ của chính mình, rõ ràng là đã không
iUGFXuxHNAA_00890.wav|ý đồ của chính mình, rõ ràng là đã không thể nhẫn nại thêm được nữa rồi. Việc đầu
iUGFXuxHNAA_00891.wav|thể nhẫn nại thêm được nữa rồi. Việc đầu tiên La Lạc Ma quân làm không phải là vá
iUGFXuxHNAA_00892.wav|tiên La Lạc Ma quân làm không phải là vá lại sơ hở của pháp vật, mà là lại tế ra
iUGFXuxHNAA_00893.wav|lại sơ hở của pháp vật, mà là lại tế ra cái chiếc đèn lòng giấy kia.
iUGFXuxHNAA_00894.wav|cái chiếc đèn lòng giấy kia. Đèn lòng lúc này treo cao trên đỉnh đầu,
iUGFXuxHNAA_00896.wav|tựa như là khoác lên người của hắn một cái tầng đăng hỏa pháp y, tiếp đó, trong
iUGFXuxHNAA_00897.wav|cái tầng đăng hỏa pháp y, tiếp đó, trong tay áo la lạc ma quân bay ra bảy đạo kim
iUGFXuxHNAA_00898.wav|tay áo la lạc ma quân bay ra bảy đạo kim quang, hóa thành bảy cái mặt kim la đang
iUGFXuxHNAA_00899.wav|quang, hóa thành bảy cái mặt kim la đang lơ lửng quanh thần của hắn. Đăng đăng
iUGFXuxHNAA_00900.wav|lơ lửng quanh thần của hắn. Đăng đăng đăng, Kim La vang dọi, thanh âm chói
iUGFXuxHNAA_00901.wav|đăng, Kim La vang dọi, thanh âm chói tay, âm ba quanh thân La Lạc Ma quân
iUGFXuxHNAA_00902.wav|tay, âm ba quanh thân La Lạc Ma quân hình thành những ba động bằng mắt thường
iUGFXuxHNAA_00903.wav|hình thành những ba động bằng mắt thường cũng có thể thấy được. Hắn từng chinh
iUGFXuxHNAA_00905.wav|chiến ma triều, tự nhiên mang theo bảo vật khắc chế thiên ma. Một khi cái đầu
iUGFXuxHNAA_00907.wav|lục dục thiên ma này xâm nhập vào bên trong âm trường do tiếng Lao thành, liền
iUGFXuxHNAA_00908.wav|trong âm trường do tiếng Lao thành, liền không còn chỗ nào để mà ẩn thân.
iUGFXuxHNAA_00909.wav|không còn chỗ nào để mà ẩn thân. Ngay khoảnh khắc bài ra Kim La đại trận,
iUGFXuxHNAA_00910.wav|Ngay khoảnh khắc bài ra Kim La đại trận, bên cạnh La Lạc Ma quân bỗng nhiên có
iUGFXuxHNAA_00913.wav|Chân một cái mặt kim la bên cạnh La Lạc
iUGFXuxHNAA_00914.wav|Chân một cái mặt kim la bên cạnh La Lạc Ma quân đột nhiên nghiêng đổ, hai bên
iUGFXuxHNAA_00915.wav|Ma quân đột nhiên nghiêng đổ, hai bên trái phải cũng là rung lắc dữ dội, trong
iUGFXuxHNAA_00916.wav|trái phải cũng là rung lắc dữ dội, trong lòng của hắn chấn động, cái đầu lục dục
iUGFXuxHNAA_00917.wav|lòng của hắn chấn động, cái đầu lục dục thiên ma này quả nhiên là ma uy cường
iUGFXuxHNAA_00918.wav|thiên ma này quả nhiên là ma uy cường hoành, chỉ trong chớp mắt, suýt nữa là
iUGFXuxHNAA_00919.wav|hoành, chỉ trong chớp mắt, suýt nữa là đánh sập thất thần không la của hắn rồi.
iUGFXuxHNAA_00921.wav|Kim La Nghiền đổ, đồng nghĩa với cái việc thiên ma đã là áp sát, thất thần
iUGFXuxHNAA_00922.wav|việc thiên ma đã là áp sát, thất thần không la chỉ có tác dụng cảnh báu cũng
iUGFXuxHNAA_00923.wav|không la chỉ có tác dụng cảnh báu cũng không thể ngăn cản ma đầu.
iUGFXuxHNAA_00924.wav|không thể ngăn cản ma đầu. Muốn hộ trì tâm thần chống lại thiên ma,
iUGFXuxHNAA_00925.wav|Muốn hộ trì tâm thần chống lại thiên ma, phải dựa vào pháp y đăng hỏa của đèn
iUGFXuxHNAA_00926.wav|phải dựa vào pháp y đăng hỏa của đèn lồng giấy. Đồng thời trong tử phủ của La
iUGFXuxHNAA_00927.wav|lồng giấy. Đồng thời trong tử phủ của La Lạc Ma quân có một cái viên tròn đang tỏ
iUGFXuxHNAA_00928.wav|Lạc Ma quân có một cái viên tròn đang tỏ ra hào quang rực rỡ. Ngọc bội bên hông
iUGFXuxHNAA_00929.wav|ra hào quang rực rỡ. Ngọc bội bên hông len keng vang động đều là pháp bảu để mà
iUGFXuxHNAA_00930.wav|len keng vang động đều là pháp bảu để mà khắc chế thiên ma. Có bảo vật hộ thân,
iUGFXuxHNAA_00932.wav|thần ý của La Lạc Ma quân lập tức là vận chuyển, thi triển một cái môn bí thực
iUGFXuxHNAA_00934.wav|chịu ma bảo dám. Chỉ thấy một cái đạo quang hoa từ sau
iUGFXuxHNAA_00935.wav|Chỉ thấy một cái đạo quang hoa từ sau gáy của hắn dâng lên, hóa thành một cái
iUGFXuxHNAA_00936.wav|gáy của hắn dâng lên, hóa thành một cái mặt bảo kính tròn vo. Mặt kính này phát
iUGFXuxHNAA_00938.wav|ra ánh sáng thánh khiết như là nguyệt hoa, chiếu thẳng vào bên trong cái mặt
iUGFXuxHNAA_00939.wav|hoa, chiếu thẳng vào bên trong cái mặt kim la đang nghiên đổ. Kỳ lá là trong
iUGFXuxHNAA_00941.wav|kính không hề phản chiếu ra cảnh tượng chiến trường, mà chỉ là một cái mảnh yên
iUGFXuxHNAA_00943.wav|Cùng lúc đó lại có một cái đạo quang hoa
iUGFXuxHNAA_00945.wav|từ trên trời giáng lâm hóa thành một cái mặt bảo kính khác. Chính là Tần Tan phát
iUGFXuxHNAA_00946.wav|mặt bảo kính khác. Chính là Tần Tan phát hiện ra vị trạng cũng thi triển Chiếu Ma
iUGFXuxHNAA_00947.wav|hiện ra vị trạng cũng thi triển Chiếu Ma bảo giấm để trợ giúp cho La Lạc Ma quân.
iUGFXuxHNAA_00950.wav|hình của Thiên Ma, đồng thời khóa chặt tung tích của bọn chúng. Một khi chân
iUGFXuxHNAA_00951.wav|tung tích của bọn chúng. Một khi chân hình bị khóa, thần thông trẻ lập tức nói
iUGFXuxHNAA_00954.wav|Hai mặt bảo kính cách không đối diện nhau, nếu có thể soi ra thiên ma, dù cái
iUGFXuxHNAA_00956.wav|đầu lục dục thiên ma này thực lực cường đại cỡ nào cũng phải bị trói buộc. Không
iUGFXuxHNAA_00958.wav|ngờ bảo kính lại chiếu vào cái khoảng không, yên lam vân khí ở bên trong kính
iUGFXuxHNAA_00959.wav|không, yên lam vân khí ở bên trong kính không hề biến đổi. Hai người lập tức
iUGFXuxHNAA_00962.wav|kính xoay nhanh, nhưng Thiên Ma đã sớm không còn tung tích.
iUGFXuxHNAA_00963.wav|không còn tung tích. Mẹ nó quả vàng trả.
iUGFXuxHNAA_00964.wav|Mẹ nó quả vàng trả. La Lạc Ma quân hừ lạnh, dứt khoát duy
iUGFXuxHNAA_00965.wav|La Lạc Ma quân hừ lạnh, dứt khoát duy trì chiếu ma bảo giám, vời bảo kính tới
iUGFXuxHNAA_00967.wav|bên cạnh đèn lòng giấy, khiến cho hai thứ giao tương chiếu rội.
iUGFXuxHNAA_00968.wav|thứ giao tương chiếu rội. Đạo hữu nè, cẩn thận, ma đầu kia thấy
iUGFXuxHNAA_00969.wav|Đạo hữu nè, cẩn thận, ma đầu kia thấy không có cơ hội, tất sẽ chuyển sang đối
iUGFXuxHNAA_00970.wav|không có cơ hội, tất sẽ chuyển sang đối phối với người a."
iUGFXuxHNAA_00972.wav|La lạc ma quân trầm giọng, truyền âm nhắc nhở Tần Tang. Sự phối hợp giữa hai
iUGFXuxHNAA_00973.wav|nhắc nhở Tần Tang. Sự phối hợp giữa hai người thi đỡ là vô cùng an ý. Một khi
iUGFXuxHNAA_00974.wav|người thi đỡ là vô cùng an ý. Một khi một bên xảy ra biến cố, bên kia chi viện
iUGFXuxHNAA_00975.wav|một bên xảy ra biến cố, bên kia chi viện gần như là chỉ trong chớp mắt. Nhưng dù
iUGFXuxHNAA_00977.wav|sao vẫn chưa hình thành song trọng pháp vật, cho dù tốc độ chi viện nhanh tới
iUGFXuxHNAA_00978.wav|vật, cho dù tốc độ chi viện nhanh tới đâu, rốt cuộc vẫn là tồn tại kẻ hở.
iUGFXuxHNAA_00979.wav|đâu, rốt cuộc vẫn là tồn tại kẻ hở. Trong cấp độ đấu pháp này, kẻ hở chính
iUGFXuxHNAA_00980.wav|Trong cấp độ đấu pháp này, kẻ hở chính là đầy đủ trí mạng rồi. Phía bên kia,
iUGFXuxHNAA_00982.wav|Tần Tang tuy không có cái loại bảo vật cảnh báo như là thất thần không la, vậy
iUGFXuxHNAA_00983.wav|cảnh báo như là thất thần không la, vậy mà lại càng trấn định hơn cả La Lạc Ma
iUGFXuxHNAA_00984.wav|mà lại càng trấn định hơn cả La Lạc Ma quân. Thậm chí hắn còn nảy sinh một cái
iUGFXuxHNAA_00985.wav|quân. Thậm chí hắn còn nảy sinh một cái ý niệm để ma đầu kia thử xem cực hạn của
iUGFXuxHNAA_00986.wav|ý niệm để ma đầu kia thử xem cực hạn của Ngọc Phật tới đâu. Không, phải nói là
iUGFXuxHNAA_00987.wav|Ngọc Phật tới đâu. Không, phải nói là cực hạn của Phật quang.
iUGFXuxHNAA_00988.wav|cực hạn của Phật quang. Ngọc Phật chính là chí bảo hộ đậu. Phật
iUGFXuxHNAA_00990.wav|quan có thể che chắn ngoại ma, trấn áp tâm ma, vốn chỉ là hiệu quả kèm theo của
iUGFXuxHNAA_00991.wav|tâm ma, vốn chỉ là hiệu quả kèm theo của ngọc Phật. Hắn sớm biết Phật quang là có
iUGFXuxHNAA_00992.wav|ngọc Phật. Hắn sớm biết Phật quang là có cực hạn, chỉ là chưa rõ giới hạn ở chỗ
iUGFXuxHNAA_00993.wav|cực hạn, chỉ là chưa rõ giới hạn ở chỗ nào. Thăm dò được cực hạn, sau này đối
iUGFXuxHNAA_00994.wav|nào. Thăm dò được cực hạn, sau này đối phó thiên ma mới có thể là nắm chắc hơn.
iUGFXuxHNAA_00997.wav|vọng cảnh. Uy hiếp của cái đầu lục dục thiên ma này thật ra cũng không quá lớn
iUGFXuxHNAA_00998.wav|thiên ma này thật ra cũng không quá lớn gì, chính là một cái cơ hội hiếm có rồi.
iUGFXuxHNAA_00999.wav|gì, chính là một cái cơ hội hiếm có rồi. Ý niệm này thoáng qua, Tần Tan lặng lẽ
iUGFXuxHNAA_01000.wav|Ý niệm này thoáng qua, Tần Tan lặng lẽ thu liễm Phật quan chi lực. Hồ Tâm vốn
iUGFXuxHNAA_01001.wav|thu liễm Phật quan chi lực. Hồ Tâm vốn là phẳn lặng không chút ba động, bỗng
iUGFXuxHNAA_01002.wav|là phẳn lặng không chút ba động, bỗng nổi lên một cái tia gợn sống. Hắn thoát
iUGFXuxHNAA_01003.wav|nổi lên một cái tia gợn sống. Hắn thoát khỏi trạng thái tâm như chỉ thủ, rồi lại
iUGFXuxHNAA_01004.wav|khỏi trạng thái tâm như chỉ thủ, rồi lại chủ động mở ra điện đường ký ức của bản
iUGFXuxHNAA_01005.wav|chủ động mở ra điện đường ký ức của bản thân. Không chỉ là hồi tưởng lại những
iUGFXuxHNAA_01006.wav|thân. Không chỉ là hồi tưởng lại những trải nghiệm năm xưa mà cảm xúc khi đó.
iUGFXuxHNAA_01007.wav|trải nghiệm năm xưa mà cảm xúc khi đó. hỷ nộ ái ố đều lần lượt hiện lên.
iUGFXuxHNAA_01009.wav|Trước mặt Thiên Ma mà làm ra cái loại hành động như vậy, trong mắt tu sĩ khác
iUGFXuxHNAA_01010.wav|hành động như vậy, trong mắt tu sĩ khác chẳng khác nào là tự tìm được chết, đầu
iUGFXuxHNAA_01011.wav|chẳng khác nào là tự tìm được chết, đầu bị lừa đá, cửa kẹp bị uống nước rồi. Lúc
iUGFXuxHNAA_01012.wav|bị lừa đá, cửa kẹp bị uống nước rồi. Lúc này vô số ký ức lướt qua, như là cưỡi
iUGFXuxHNAA_01013.wav|này vô số ký ức lướt qua, như là cưỡi ngựa xem hoa, cuối cùng dừng lại ở một
iUGFXuxHNAA_01014.wav|ngựa xem hoa, cuối cùng dừng lại ở một cái đạo thân ảnh. Lưu Ly
iUGFXuxHNAA_01015.wav|cái đạo thân ảnh. Lưu Ly luyện ái chính là đại dục của con người,
iUGFXuxHNAA_01016.wav|luyện ái chính là đại dục của con người, tu tiên giả cũng khó tránh khỏi. Trừ một
iUGFXuxHNAA_01017.wav|tu tiên giả cũng khó tránh khỏi. Trừ một số tông môn và công pháp cực đoan, tu sĩ
iUGFXuxHNAA_01018.wav|số tông môn và công pháp cực đoan, tu sĩ cũng không bày xích tình cảm nam nữ. có
iUGFXuxHNAA_01019.wav|cũng không bày xích tình cảm nam nữ. có thể tìm được một cái vị đạo lữ lẫn tình
iUGFXuxHNAA_01020.wav|thể tìm được một cái vị đạo lữ lẫn tình tương diệt, cùng nhau tu hành chính là
iUGFXuxHNAA_01021.wav|tương diệt, cùng nhau tu hành chính là một cái đại hạnh. Ở bên trong tài lữ
iUGFXuxHNAA_01022.wav|một cái đại hạnh. Ở bên trong tài lữ pháp địa, chữ lữ còn đức thứ hai, đương
iUGFXuxHNAA_01025.wav|đồng với ái lữ. Tần Từ trước tới nay chưa từng là chém
iUGFXuxHNAA_01027.wav|đứt tình dục, thái độ của hắn là thận theo tự nhiên, từ ban đầu chỉ là một cái
iUGFXuxHNAA_01028.wav|theo tự nhiên, từ ban đầu chỉ là một cái cuộc giao dịch thần tí, đến về sau dây
iUGFXuxHNAA_01029.wav|cuộc giao dịch thần tí, đến về sau dây dưa đủ điều, rồi đến khi Lưu Ly từ do dự
iUGFXuxHNAA_01030.wav|dưa đủ điều, rồi đến khi Lưu Ly từ do dự mà giải khai tâm kết, dỗ cuối cùng nàng
iUGFXuxHNAA_01031.wav|mà giải khai tâm kết, dỗ cuối cùng nàng bị Thái Thượng Đạo Mạch mang đi, hai
iUGFXuxHNAA_01032.wav|bị Thái Thượng Đạo Mạch mang đi, hai người không kịp thổ lộ tâm tình, nhưng
iUGFXuxHNAA_01033.wav|người không kịp thổ lộ tâm tình, nhưng vẫn là để lại tính vật định tình, cho dù
iUGFXuxHNAA_01037.wav|Tần Tan muốn tặng cho con thiên ma này một thanh đau để nó chém mình, tự nhiên
iUGFXuxHNAA_01038.wav|một thanh đau để nó chém mình, tự nhiên là liền nghĩ tới Min Lư Ly rề. Đại dục
iUGFXuxHNAA_01039.wav|là liền nghĩ tới Min Lư Ly rề. Đại dục nam nữ chính là tổng hợp của Lục Dục,
iUGFXuxHNAA_01041.wav|cũng là một trong những vũ khí thiên ma am hiểu nhất. Kế ức của Tần Tan không
iUGFXuxHNAA_01042.wav|am hiểu nhất. Kế ức của Tần Tan không ngừng bị lật mở, đêm hôm đó khiến cho
iUGFXuxHNAA_01043.wav|ngừng bị lật mở, đêm hôm đó khiến cho tóc hắn bạc trắng, hôn lễ chấn động
iUGFXuxHNAA_01044.wav|tóc hắn bạc trắng, hôn lễ chấn động Huyền Thiên Cung, hành trình da dằn giặt
iUGFXuxHNAA_01045.wav|Huyền Thiên Cung, hành trình da dằn giặt nơi phong bạo hảy. Lời hứa trước khi phi
iUGFXuxHNAA_01046.wav|nơi phong bạo hảy. Lời hứa trước khi phi thăng, giấc mộng hư thật khó phân, vị
iUGFXuxHNAA_01047.wav|thăng, giấc mộng hư thật khó phân, vị Thanh Hồng sư tỷ có tính cách hoàn toàn
iUGFXuxHNAA_01049.wav|khác biệt với Lưu Ly và cái lần trùng phùng ở cuối cùng của giấc mộng. Hắn
iUGFXuxHNAA_01050.wav|phùng ở cuối cùng của giấc mộng. Hắn dường như thật sự đắm chìm trong đó,
iUGFXuxHNAA_01052.wav|thân ảnh tuyệt mỹ bên trong ký ức càng ngày càng trở nên sống động rồi. Tâm
iUGFXuxHNAA_01054.wav|cảnh của Tần Tan cũng theo ký ức mà dao động. lúc kinh hoảng, lúc u hoài, lúc
iUGFXuxHNAA_01055.wav|động. lúc kinh hoảng, lúc u hoài, lúc vui mừng, lúc được mất bất định, dao
iUGFXuxHNAA_01056.wav|vui mừng, lúc được mất bất định, dao động càng lúc càng mãnh liệt, từ một cực
iUGFXuxHNAA_01057.wav|động càng lúc càng mãnh liệt, từ một cực đoan ở trong chớp mắt chuyển sang một
iUGFXuxHNAA_01058.wav|đoan ở trong chớp mắt chuyển sang một cái cực đoan khác, tạo thành xung kích
iUGFXuxHNAA_01059.wav|cái cực đoan khác, tạo thành xung kích mãnh liệt đối với tâm tính của hắn ta.
iUGFXuxHNAA_01060.wav|mãnh liệt đối với tâm tính của hắn ta. Đến sau cùng, Lưu Ly tựa hồ thật sự sống
iUGFXuxHNAA_01061.wav|Đến sau cùng, Lưu Ly tựa hồ thật sự sống lại, nàng nhìn chằm chằm Tần Tang, nửa
iUGFXuxHNAA_01062.wav|lại, nàng nhìn chằm chằm Tần Tang, nửa giận nửa vui, dưới cái vẻ lạnh lùng vẫn
iUGFXuxHNAA_01063.wav|giận nửa vui, dưới cái vẻ lạnh lùng vẫn không giấu nổi tình ý sâu đậm.
iUGFXuxHNAA_01064.wav|không giấu nổi tình ý sâu đậm. Đúng lúc Tần Tang tràn đầy vui sướng, Lư
iUGFXuxHNAA_01065.wav|Đúng lúc Tần Tang tràn đầy vui sướng, Lư Ly đột nhiên rưng rưng muốn khóc, tình ý
iUGFXuxHNAA_01066.wav|Ly đột nhiên rưng rưng muốn khóc, tình ý trong mắt hóa thành oán trách, tự như là
iUGFXuxHNAA_01067.wav|trong mắt hóa thành oán trách, tự như là trách hắn lâu như vậy mà không tìm tới
iUGFXuxHNAA_01068.wav|trách hắn lâu như vậy mà không tìm tới mình. Trong khoảnh khắc này, Tần Tan
iUGFXuxHNAA_01069.wav|mình. Trong khoảnh khắc này, Tần Tan sinh ra hỏi ý mãnh liệt, vì sao bản thân
iUGFXuxHNAA_01070.wav|sinh ra hỏi ý mãnh liệt, vì sao bản thân của mình không đến Doanh Châu Tiên Đảo
iUGFXuxHNAA_01071.wav|của mình không đến Doanh Châu Tiên Đảo để mà gặp Lưu Ly trước, vì sao lại là tự
iUGFXuxHNAA_01072.wav|để mà gặp Lưu Ly trước, vì sao lại là tự câu tự đậy, nhất định phải đi điều tra
iUGFXuxHNAA_01073.wav|câu tự đậy, nhất định phải đi điều tra tôn tích của Tố nữ trước, dẫn tới phân
iUGFXuxHNAA_01074.wav|tôn tích của Tố nữ trước, dẫn tới phân cách hai giới rồi.
iUGFXuxHNAA_01075.wav|cách hai giới rồi. Cái loại hối ý này vốn là chân thật tồn
iUGFXuxHNAA_01076.wav|Cái loại hối ý này vốn là chân thật tồn tại, nay bị Thiên Ma dẫn động, khu hết
iUGFXuxHNAA_01077.wav|tại, nay bị Thiên Ma dẫn động, khu hết đại xung kích tâm tính của Tần Tan, lúc
iUGFXuxHNAA_01079.wav|này biểu tình của hắn thậm chí đã có chút vặn vẹo. Những ký ức trước đó đều
iUGFXuxHNAA_01080.wav|chút vặn vẹo. Những ký ức trước đó đều như vậy, cảm xúc khi ấy bị thiên ma
iUGFXuxHNAA_01081.wav|như vậy, cảm xúc khi ấy bị thiên ma phóng đại, bóp méo, thậm chí là vô trung
iUGFXuxHNAA_01082.wav|phóng đại, bóp méo, thậm chí là vô trung sinh hữu, chỉ để sé tột phòng tiến tâm
iUGFXuxHNAA_01083.wav|sinh hữu, chỉ để sé tột phòng tiến tâm thần của Tần Tang. Lục Dục Thiên Ma đã
iUGFXuxHNAA_01085.wav|nắm được sơ hở trong tâm tính của Tần Tang, sao có thể dễ dàng buông tha cho
iUGFXuxHNAA_01086.wav|Tang, sao có thể dễ dàng buông tha cho hắn đây? Ma ý lúc này càng mạnh mẽ xâm
iUGFXuxHNAA_01087.wav|hắn đây? Ma ý lúc này càng mạnh mẽ xâm nhập, trong lúc vô thanh vô thức khơi
iUGFXuxHNAA_01088.wav|nhập, trong lúc vô thanh vô thức khơi động ký ức và cảm xúc của Tần Tang.
iUGFXuxHNAA_01089.wav|động ký ức và cảm xúc của Tần Tang. nhiều ký ức hơn nữa dân trào trong vô
iUGFXuxHNAA_01090.wav|nhiều ký ức hơn nữa dân trào trong vô thức bên cạnh Lưu Ly lại xuất hiện thêm
iUGFXuxHNAA_01091.wav|thức bên cạnh Lưu Ly lại xuất hiện thêm hai đạo thân ảnh là Lưu Huỳnh là Thanh
iUGFXuxHNAA_01092.wav|hai đạo thân ảnh là Lưu Huỳnh là Thanh Quân sư tỷ thậm chí ngay cả ký ức liên
iUGFXuxHNAA_01093.wav|Quân sư tỷ thậm chí ngay cả ký ức liên quan tới Vương thị tỷ muội cũng là bị
iUGFXuxHNAA_01094.wav|quan tới Vương thị tỷ muội cũng là bị lật ra trong đó có lẽ còn ẩn giấu những
iUGFXuxHNAA_01095.wav|lật ra trong đó có lẽ còn ẩn giấu những tình cảm mà ngay cả chính tần tan cũng
iUGFXuxHNAA_01096.wav|tình cảm mà ngay cả chính tần tan cũng chưa từng nhận biết đa phần chỉ là những
iUGFXuxHNAA_01097.wav|chưa từng nhận biết đa phần chỉ là những chi tiết vụng vặt Vương thị tỷ muội chỉ
iUGFXuxHNAA_01098.wav|chi tiết vụng vặt Vương thị tỷ muội chỉ là thoáng qua nhưng thân ảnh Lưu Huỳnh
iUGFXuxHNAA_01099.wav|là thoáng qua nhưng thân ảnh Lưu Huỳnh và sư tỷ thì lại lưu lại.
iUGFXuxHNAA_01102.wav|thăng tại Phong Bảo giới, này mới biết khi đó Lưu Huỳnh đã là tỉnh lậy, nhưng
iUGFXuxHNAA_01103.wav|khi đó Lưu Huỳnh đã là tỉnh lậy, nhưng nàng không muốn hiện thân gặp mặt, lựa
iUGFXuxHNAA_01105.wav|chọn đứng bên trong bóng tối, lặng lẽ nhìn hắn, lập chí đuổi kịp hắn, không
iUGFXuxHNAA_01106.wav|nhìn hắn, lập chí đuổi kịp hắn, không ngờ lúc phi thăng lại là gặp biến cố,
iUGFXuxHNAA_01107.wav|ngờ lúc phi thăng lại là gặp biến cố, khiến cho tâm tính của nàng cũng trở nên
iUGFXuxHNAA_01108.wav|khiến cho tâm tính của nàng cũng trở nên đại biến. Nội đào tiết và U Hoài sau khi
iUGFXuxHNAA_01109.wav|đại biến. Nội đào tiết và U Hoài sau khi biết chân tướng vẫn còn rõ mồn một kia.
iUGFXuxHNAA_01110.wav|biết chân tướng vẫn còn rõ mồn một kia. Giờ phút này, Lưu Hình đang lệ đầy mặt
iUGFXuxHNAA_01111.wav|Giờ phút này, Lưu Hình đang lệ đầy mặt biểu tình khiến cho người ta đau lòng.
iUGFXuxHNAA_01112.wav|biểu tình khiến cho người ta đau lòng. Trong khoảnh khắc, Tần Tang nảy sinh xúc
iUGFXuxHNAA_01113.wav|Trong khoảnh khắc, Tần Tang nảy sinh xúc động, muốn tiến lên an ủi, nhưng mà Lưu
iUGFXuxHNAA_01115.wav|Hình lại lựa chọn lùi bước lại, không ngừng lắc đầu lui về sau, không để cho
iUGFXuxHNAA_01116.wav|ngừng lắc đầu lui về sau, không để cho hắn tới gần, cho dù nước mắt đã là nói
iUGFXuxHNAA_01117.wav|hắn tới gần, cho dù nước mắt đã là nói thành chuỗi rồi. Hắn nhớ lại trước cửa
iUGFXuxHNAA_01118.wav|thành chuỗi rồi. Hắn nhớ lại trước cửa đào Hoa Cốc, Thanh Quân sư tỷ quay người
iUGFXuxHNAA_01119.wav|đào Hoa Cốc, Thanh Quân sư tỷ quay người mỉm cười hỏi một câu, "Có đẹp không cu?
iUGFXuxHNAA_01120.wav|mỉm cười hỏi một câu, "Có đẹp không cu? Con có trên phi thăng đài." "Sư đệ, ta ở
iUGFXuxHNAA_01121.wav|Con có trên phi thăng đài." "Sư đệ, ta ở phía trước chờ ngươi." Lúc này sư tỷ
iUGFXuxHNAA_01123.wav|đang quay lưng về phía hắn. chắp tay nhìn trời, tựa như là đang ngắm tiên lộ.
iUGFXuxHNAA_01124.wav|nhìn trời, tựa như là đang ngắm tiên lộ. Bóng lưng mảnh mai ấy xa vời không thể
iUGFXuxHNAA_01125.wav|Bóng lưng mảnh mai ấy xa vời không thể nào với tới, khiến cho Tần Tan tự thấy
iUGFXuxHNAA_01126.wav|nào với tới, khiến cho Tần Tan tự thấy hổ thẹn, không dám khinh nhận. Những
iUGFXuxHNAA_01127.wav|hổ thẹn, không dám khinh nhận. Những cảnh tượng này, những cảm xúc này, rốt
iUGFXuxHNAA_01128.wav|cảnh tượng này, những cảm xúc này, rốt cuộc có mấy phần là thật, mấy phần là
iUGFXuxHNAA_01129.wav|cuộc có mấy phần là thật, mấy phần là giả đây? Ngay lúc Tần Tan đang hối hận,
iUGFXuxHNAA_01130.wav|giả đây? Ngay lúc Tần Tan đang hối hận, thường tiếc tự ti đang khùng khục điên
iUGFXuxHNAA_01131.wav|thường tiếc tự ti đang khùng khục điên điên, đột nhiên lưu ly nở ra một cái nụ
iUGFXuxHNAA_01132.wav|điên, đột nhiên lưu ly nở ra một cái nụ cười. Tổ nữ không còn lùi bước, dũng cảm
iUGFXuxHNAA_01134.wav|đưa tay về phía hắn. Thanh Quân sư tỷ cũng quay người mỉm cười nhìn lại, trong
iUGFXuxHNAA_01135.wav|cũng quay người mỉm cười nhìn lại, trong ánh mắt tràn đầy khích lệ. Trong chớp
iUGFXuxHNAA_01136.wav|ánh mắt tràn đầy khích lệ. Trong chớp mắt từ đại bi chuyển sang đại hỷ, người
iUGFXuxHNAA_01138.wav|thường căn bản không thể nào chịu nổi biến hóa cảm xúc kịch liệt tới như vậy.
iUGFXuxHNAA_01139.wav|biến hóa cảm xúc kịch liệt tới như vậy. Tiếp đó lại sinh ra do dự, ba nữ tử này
iUGFXuxHNAA_01140.wav|Tiếp đó lại sinh ra do dự, ba nữ tử này đều đưa tay ngọc về phía hắn, rốt cuộc
iUGFXuxHNAA_01141.wav|đều đưa tay ngọc về phía hắn, rốt cuộc hắn nên là hốt đứa nào đây?
iUGFXuxHNAA_01143.wav|Đầu Lục Dục Thiên Ma kia không chút kiên già khuấy động cảm xúc của Tần Tang, đem
iUGFXuxHNAA_01144.wav|già khuấy động cảm xúc của Tần Tang, đem hắn đùa bỡn trong lòng bàn tay rồi.
iUGFXuxHNAA_01148.wav|trong lúc đó La Lạc Ma quân gọi mấy tiếng không thấy đáp lại, lại thấy khí
iUGFXuxHNAA_01152.wav|Hắn vốn đã đánh giá Tần Tang rất cao,
iUGFXuxHNAA_01154.wav|không ngờ tâm tính của Tần Tang lại là có sơ hở nhiều như vậy, nhanh chóng đã
iUGFXuxHNAA_01155.wav|có sơ hở nhiều như vậy, nhanh chóng đã là trúng đến thế rồi. Tiếng quát này ẩn
iUGFXuxHNAA_01157.wav|chứa thần thông chấn ma, muốn làm Tần Tăng tỉnh lại. Đáng tiếc phản ứng của ma
iUGFXuxHNAA_01158.wav|Tăng tỉnh lại. Đáng tiếc phản ứng của ma đầu cũng không chậm, đã ngăn cách thanh
iUGFXuxHNAA_01159.wav|đầu cũng không chậm, đã ngăn cách thanh âm ở bên ngoài. La Lạc Ma quân sớm có dự
iUGFXuxHNAA_01160.wav|âm ở bên ngoài. La Lạc Ma quân sớm có dự liệu đỉnh đầu treo cao chiếu ma bảo dám,
iUGFXuxHNAA_01161.wav|liệu đỉnh đầu treo cao chiếu ma bảo dám, đồng thời điều động pháp vựt chi lực,
iUGFXuxHNAA_01162.wav|đồng thời điều động pháp vựt chi lực, Thanh Long vẫy đuôi hung hăng đâm thẳng
iUGFXuxHNAA_01163.wav|Thanh Long vẫy đuôi hung hăng đâm thẳng vào kiếm vực.
iUGFXuxHNAA_01164.wav|Đột nhiên lúc này Phật quang tái hiện
iUGFXuxHNAA_01165.wav|Đột nhiên lúc này Phật quang tái hiện trong nháy mắt ba động nơi tâm hồ bị
iUGFXuxHNAA_01166.wav|trong nháy mắt ba động nơi tâm hồ bị sang bằng. Mọi vọng niệm và cảm xúc đều
iUGFXuxHNAA_01167.wav|sang bằng. Mọi vọng niệm và cảm xúc đều tiêu tán, vừa rồi tựa như chỉ là một cái
iUGFXuxHNAA_01168.wav|tiêu tán, vừa rồi tựa như chỉ là một cái giấc mộng dày. Chỉ là lúc tỉnh mộng, Tần
iUGFXuxHNAA_01169.wav|giấc mộng dày. Chỉ là lúc tỉnh mộng, Tần Tang vẫn còn có chút thất thần, thân ảnh
iUGFXuxHNAA_01170.wav|Tang vẫn còn có chút thất thần, thân ảnh của ba nữ tử dường như là vẫn còn trước
iUGFXuxHNAA_01171.wav|của ba nữ tử dường như là vẫn còn trước mắt. Tuy là có chút ngẩn ngơ, nhưng thần
iUGFXuxHNAA_01173.wav|trí của Tần Tan lại không bị ảnh hưởng gì. Khoảnh khắc này, hắn cảm nhận được
iUGFXuxHNAA_01174.wav|gì. Khoảnh khắc này, hắn cảm nhận được cái nỗi đau sá rách nguyên thần, nhưng
iUGFXuxHNAA_01175.wav|cái nỗi đau sá rách nguyên thần, nhưng ma ý khuấy động dục niệm đã là bị quét
iUGFXuxHNAA_01176.wav|ma ý khuấy động dục niệm đã là bị quét sạch, từ đó có thể thấy đây vẫn chưa
iUGFXuxHNAA_01177.wav|sạch, từ đó có thể thấy đây vẫn chưa phải là cực hạn của Phật quang. Chí ít
iUGFXuxHNAA_01179.wav|lục dục thiên ma đẳng cấp là hợp thể trung kỳ, cũng đừng hồng dễ dàng ma
iUGFXuxHNAA_01180.wav|trung kỳ, cũng đừng hồng dễ dàng ma nhiễm hắn. Đối với lục dục thiên ma hợp
iUGFXuxHNAA_01181.wav|nhiễm hắn. Đối với lục dục thiên ma hợp thể hậu kỳ thì còn khó nói nha, nhưng
iUGFXuxHNAA_01182.wav|thể hậu kỳ thì còn khó nói nha, nhưng trừ phi là tâm cảnh của hắn đang là đại
iUGFXuxHNAA_01183.wav|trừ phi là tâm cảnh của hắn đang là đại khởi đại lạc, nếu không muốn âm thầm ma
iUGFXuxHNAA_01185.wav|nhiễm tần tan cũng là cái chuyện không dễ gì. Bất quá lục dục thiên ma hợp thể
iUGFXuxHNAA_01187.wav|hậu kỳ tuy không thể mai nhiễm hắn, nhưng vẫn là có những thần thông khác có
iUGFXuxHNAA_01189.wav|thể trực tiếp công kích dương thần của hắn ta, vì vậy cũng không thể coi
iUGFXuxHNAA_01190.wav|hắn ta, vì vậy cũng không thể coi thường. Còn như là tự tại thiên ma, e
iUGFXuxHNAA_01195.wav|mắt, đồng thời toàn bộ thần niệm của Tần Tang dồn về một điểm trong tâm thần, lập
iUGFXuxHNAA_01197.wav|tức nghe thấy một cái tiếng thét chói tay ép ra một cái đạo ma ảnh trong suốt.
iUGFXuxHNAA_01198.wav|tay ép ra một cái đạo ma ảnh trong suốt. Cái này không thể nghi ngờ, chính là ma
iUGFXuxHNAA_01199.wav|Cái này không thể nghi ngờ, chính là ma ý của Lục Dục Thiên Ma hóa thành, tuy
iUGFXuxHNAA_01201.wav|không phải là bản thể, nhưng cũng ẩn chứa bản nguyên ma ý của ma đầu. Trước
iUGFXuxHNAA_01202.wav|chứa bản nguyên ma ý của ma đầu. Trước đó thấy tâm cảnh Tần Tân dao động, Lục
iUGFXuxHNAA_01203.wav|đó thấy tâm cảnh Tần Tân dao động, Lục Dục Thiên Ma tự cho là đã đắc thủ rồi,
iUGFXuxHNAA_01204.wav|Dục Thiên Ma tự cho là đã đắc thủ rồi, tự nhiên sẽ đem càng nhiều ma ý thẩm
iUGFXuxHNAA_01206.wav|thấu vào bên trong thể nội của hắn ta, để Ma nhiễm Tần Tang thu làm quyến
